Id,target
1000001,0.35334855
1000002,-1.1619842
1000003,-2.0902667
1000004,-3.8418927
1000005,-4.577989
1000006,-1.7784886
1000007,-1.6075919
1000008,-3.6720738
1000009,-4.6037955
1000010,-3.062352
1000011,-2.879985
1000012,-0.40164116
1000013,-3.3846445
1000014,-2.448484
1000015,-3.3810384
1000016,-5.0396953
1000017,-4.771955
1000018,-4.625152
1000019,-8.499368
1000020,-3.5537546
1000021,-5.064734
1000022,-4.372248
1000023,-4.6090074
1000024,-4.053412
1000025,-3.2512314
1000026,-7.5922384
1000027,-0.99634236
1000028,-3.8110764
1000029,-5.077945
1000030,-7.2021585
1000031,-5.535541
1000032,-5.8355846
1000033,-4.8337054
1000034,-1.2509758
1000035,-3.6058333
1000036,-3.044348
1000037,-6.765357
1000038,-8.10344
1000039,-5.313537
1000040,-3.7981398
1000041,-5.8828897
1000042,-6.0999002
1000043,0.6988183
1000044,-5.072929
1000045,-3.0524251
1000046,-2.8681142
1000047,-6.715018
1000048,-3.5036147
1000049,-4.406002
1000050,-5.0956717
1000051,-3.5143435
1000052,-2.9817903
1000053,-4.895667
1000054,-1.9775519
1000055,-2.135465
1000056,-7.80318
1000057,-6.1154056
1000058,-3.2239513
1000059,-4.327413
1000060,-5.909836
1000061,-7.3757586
1000062,-4.3103876
1000063,-4.1386523
1000064,-4.698297
1000065,-6.5483646
1000066,-2.505301
1000067,-4.773061
1000068,-5.766458
1000069,-3.8661442
1000070,-5.692999
1000071,-5.3543453
1000072,-4.196196
1000073,-2.5090368
1000074,-5.325816
1000075,-5.3182964
1000076,-2.6753762
1000077,-6.54381
1000078,-3.1177847
1000079,-2.777704
1000080,-1.1877009
1000081,-0.83741105
1000082,-7.7015457
1000083,-5.0768104
1000084,-3.5587122
1000085,-7.4354587
1000086,-1.6729779
1000087,-0.708423
1000088,-5.2988167
1000089,-2.2233765
1000090,-7.527618
1000091,-6.391749
1000092,-4.2662153
1000093,-1.4405203
1000094,-5.184124
1000095,-6.7017274
1000096,-4.2112846
1000097,-1.3947884
1000098,-5.54625
1000099,-4.1315327
1000100,-4.2747498
1000101,-7.3627367
1000102,-1.3816897
1000103,-2.0910902
1000104,-1.7353926
1000105,-5.8176265
1000106,-7.579954
1000107,-6.290453
1000108,-1.5714241
1000109,-6.5051174
1000110,-3.651497
1000111,-2.0424984
1000112,-3.8364692
1000113,-4.559215
1000114,-1.4425524
1000115,-6.038962
1000116,-5.6891212
1000117,-1.2254533
1000118,-4.6711464
1000119,-1.0900491
1000120,-1.9354265
1000121,-3.1337433
1000122,-3.8609605
1000123,-7.763964
1000124,-5.198295
1000125,-5.5497904
1000126,-4.474919
1000127,-5.3643727
1000128,-3.7013083
1000129,-3.0976243
1000130,-0.06957373
1000131,-6.83147
1000132,-7.5985374
1000133,-5.956276
1000134,-6.620685
1000135,-7.146354
1000136,-3.2001464
1000137,-2.688641
1000138,-3.6783214
1000139,-3.5068426
1000140,-2.090625
1000141,-4.4006243
1000142,-7.426268
1000143,-3.911469
1000144,-1.4205695
1000145,-4.5305657
1000146,-2.3355374
1000147,-5.354688
1000148,-4.566074
1000149,-1.7337213
1000150,-6.8267393
1000151,-4.956945
1000152,-2.423941
1000153,-6.7885427
1000154,-2.4724855
1000155,-0.118919194
1000156,-0.7796074
1000157,-2.273762
1000158,-0.90523916
1000159,-0.16704936
1000160,-0.75325686
1000161,-2.31018
1000162,-7.609282
1000163,-6.9017973
1000164,-5.2771297
1000165,-0.20551135
1000166,-6.7322893
1000167,-6.833445
1000168,-4.2851906
1000169,-4.6359386
1000170,-7.5752954
1000171,-3.2933807
1000172,-2.2576802
1000173,-1.07738
1000174,-6.198463
1000175,-5.6048055
1000176,-7.8840427
1000177,-4.769051
1000178,-1.2743154
1000179,1.1002644
1000180,-3.4516892
1000181,-5.971101
1000182,-2.7792778
1000183,-7.754658
1000184,-6.2565036
1000185,-1.572647
1000186,-1.4396002
1000187,-3.6864758
1000188,-5.875876
1000189,-3.1212099
1000190,-3.5337489
1000191,-4.307279
1000192,-6.265679
1000193,-4.213787
1000194,-1.553976
1000195,-0.12018372
1000196,-4.411103
1000197,-2.5030694
1000198,-0.056700666
1000199,-5.257291
1000200,-2.0894992
1000201,-2.7333748
1000202,-4.4763246
1000203,-3.1692317
1000204,-9.203584
1000205,-7.745796
1000206,-5.3127217
1000207,-2.5192666
1000208,-6.645857
1000209,-3.482599
1000210,-4.614681
1000211,-5.894578
1000212,-7.514704
1000213,-5.7626634
1000214,-5.2449183
1000215,-3.3632338
1000216,-4.30804
1000217,-0.9786909
1000218,-2.7244184
1000219,-5.171377
1000220,-3.300991
1000221,-1.5579059
1000222,-3.3144436
1000223,-1.0797797
1000224,-5.1149874
1000225,-5.4014034
1000226,-4.9321876
1000227,-7.0258956
1000228,-3.7011409
1000229,-5.000607
1000230,-3.4082005
1000231,-4.029114
1000232,-8.593967
1000233,-4.3621264
1000234,-6.6590023
1000235,-0.33678627
1000236,-7.3812876
1000237,-5.5375686
1000238,-3.1882885
1000239,-0.578949
1000240,-1.1857904
1000241,-3.186199
1000242,-3.2697763
1000243,-4.48136
1000244,-9.279421
1000245,-7.283853
1000246,-4.589957
1000247,-4.6619506
1000248,-6.241081
1000249,-4.849522
1000250,-3.5033724
1000251,-6.7678003
1000252,-5.444102
1000253,-1.906325
1000254,-4.772442
1000255,-5.2453537
1000256,-3.6642416
1000257,-6.249936
1000258,-2.6979244
1000259,-2.7237954
1000260,-4.97568
1000261,-2.3877516
1000262,-2.4973166
1000263,-4.963781
1000264,-5.9508266
1000265,-3.292956
1000266,-2.6440592
1000267,-4.8368406
1000268,-3.2140968
1000269,-4.52467
1000270,-2.3174655
1000271,-2.7846293
1000272,-4.4657683
1000273,-0.42820838
1000274,-2.9137316
1000275,-3.5739765
1000276,-4.420138
1000277,-6.851035
1000278,-5.6319942
1000279,-4.170992
1000280,-3.6124437
1000281,-3.7685854
1000282,-5.696936
1000283,-6.441652
1000284,-6.686776
1000285,-1.9892782
1000286,-0.6083191
1000287,-8.680009
1000288,-1.5333582
1000289,-0.5049154
1000290,-3.6618211
1000291,-1.6066791
1000292,-1.2088646
1000293,-2.0790417
1000294,-6.6870584
1000295,-6.307335
1000296,-4.2311974
1000297,-2.8205483
1000298,-5.058992
1000299,-8.196922
1000300,-1.7142
1000301,-6.9305
1000302,-3.3918927
1000303,-4.9459724
1000304,-1.0359322
1000305,-6.6107206
1000306,-6.962011
1000307,-4.557067
1000308,-1.2462242
1000309,-2.0092344
1000310,-0.4431514
1000311,-3.0899363
1000312,-1.8103873
1000313,-3.5137832
1000314,-4.7255373
1000315,-1.6047275
1000316,-3.4821098
1000317,-2.1255953
1000318,-7.2148733
1000319,-2.719505
1000320,-5.3501906
1000321,-2.0188713
1000322,-3.3453383
1000323,-4.3676505
1000324,-5.2077665
1000325,-1.4902146
1000326,-4.6324196
1000327,-4.0606704
1000328,-3.7797189
1000329,-6.758105
1000330,-7.4598055
1000331,-2.6745422
1000332,-6.96441
1000333,-5.1779656
1000334,-2.836752
1000335,-4.340012
1000336,-5.521702
1000337,-2.019838
1000338,0.69700193
1000339,-0.93450624
1000340,-2.019404
1000341,-3.3617814
1000342,-3.6362722
1000343,-6.4506006
1000344,-2.590529
1000345,-6.0780296
1000346,-5.9015903
1000347,-3.0715628
1000348,-3.5798745
1000349,-3.7214637
1000350,-6.41222
1000351,-3.9440842
1000352,-6.021816
1000353,-3.512306
1000354,-8.028548
1000355,-2.973321
1000356,-4.206456
1000357,-6.7155285
1000358,-7.109184
1000359,-6.6114063
1000360,-0.6655873
1000361,-2.091299
1000362,-1.2491571
1000363,-2.556254
1000364,-4.267203
1000365,-6.2969933
1000366,-6.8241715
1000367,-3.2562072
1000368,-8.202249
1000369,-6.046432
1000370,-6.36459
1000371,-1.4196314
1000372,-6.8325543
1000373,-7.279818
1000374,-0.7930009
1000375,-7.0988045
1000376,-1.5364794
1000377,-0.8282135
1000378,-1.4944894
1000379,-1.3183622
1000380,-5.4098215
1000381,-1.630087
1000382,-3.4913068
1000383,-6.4982457
1000384,-6.726742
1000385,-2.6175044
1000386,-6.9720035
1000387,-1.0106924
1000388,-6.5160275
1000389,-7.4985924
1000390,-3.3155928
1000391,-7.466759
1000392,-4.8224335
1000393,-4.8226223
1000394,-4.1976976
1000395,-3.7307527
1000396,-7.318755
1000397,-5.3514786
1000398,-4.872393
1000399,-3.577636
1000400,-2.4922223
1000401,-6.093736
1000402,-8.872507
1000403,-3.297393
1000404,-3.865036
1000405,-4.331721
1000406,-6.476414
1000407,-1.2335136
1000408,-3.612021
1000409,-1.3612138
1000410,-4.124472
1000411,-3.6799948
1000412,-3.9351888
1000413,-0.5435899
1000414,-6.714549
1000415,-7.765477
1000416,-3.9694262
1000417,-0.6000122
1000418,-3.5424197
1000419,-3.1922348
1000420,-4.362099
1000421,-5.24266
1000422,-5.588206
1000423,-6.208825
1000424,-5.399464
1000425,-1.3882524
1000426,-7.271225
1000427,-5.888015
1000428,-2.6451423
1000429,-0.84901226
1000430,-0.7657304
1000431,-1.9793603
1000432,-1.4945277
1000433,-2.971098
1000434,-7.519815
1000435,-1.1803724
1000436,-1.1931825
1000437,-6.469059
1000438,-4.2213335
1000439,-3.3453627
1000440,-6.288748
1000441,-3.4422915
1000442,-4.4660597
1000443,-5.723732
1000444,-6.7324576
1000445,-6.2464886
1000446,-1.901583
1000447,-1.8263685
1000448,-5.1824517
1000449,-3.3380518
1000450,-6.404629
1000451,-4.628736
1000452,-4.5606365
1000453,-5.8439217
1000454,-3.8034897
1000455,-5.8760376
1000456,-0.6534496
1000457,-3.800525
1000458,-7.46058
1000459,-4.47049
1000460,0.17659831
1000461,-4.343624
1000462,-7.7287636
1000463,-4.586511
1000464,-0.5397603
1000465,-2.474926
1000466,-2.4034677
1000467,-6.3185863
1000468,-3.6018946
1000469,-3.3955197
1000470,-0.9111795
1000471,-4.1321645
1000472,-5.718452
1000473,-3.5398061
1000474,-1.4103885
1000475,-7.311835
1000476,-7.7715263
1000477,-3.506211
1000478,-2.1368232
1000479,-1.1411215
1000480,-3.4567895
1000481,-3.8412726
1000482,-6.1759396
1000483,-2.7637
1000484,-5.350079
1000485,-5.3965716
1000486,-2.9413388
1000487,-8.176824
1000488,-6.815178
1000489,-0.36290547
1000490,-5.9283876
1000491,-2.1740344
1000492,-3.4680176
1000493,-5.3894
1000494,-1.512046
1000495,-4.829761
1000496,-6.637961
1000497,-3.7180092
1000498,-3.1772726
1000499,-1.4111366
1000500,-4.9482517
1000501,-5.364294
1000502,-6.1996727
1000503,-5.9735923
1000504,-4.2759438
1000505,-2.2710176
1000506,-5.7312913
1000507,-6.3039236
1000508,-6.144642
1000509,-8.444251
1000510,-4.0077252
1000511,-6.122068
1000512,-7.266497
1000513,-3.0910041
1000514,-2.585195
1000515,-1.7167475
1000516,-1.9656637
1000517,-1.600776
1000518,-7.972068
1000519,-0.9795957
1000520,-1.6047275
1000521,-6.728119
1000522,-4.172712
1000523,-4.7498794
1000524,-2.9382958
1000525,-0.99295884
1000526,-0.8744803
1000527,-3.5287979
1000528,-3.6696553
1000529,-6.725331
1000530,-7.275065
1000531,-2.3891478
1000532,-6.7129755
1000533,-6.582843
1000534,-5.8108273
1000535,-5.077751
1000536,-5.3151546
1000537,-7.469353
1000538,-6.616556
1000539,-1.818487
1000540,-4.079617
1000541,-6.5042186
1000542,-4.123313
1000543,-3.9511871
1000544,-7.4334936
1000545,-0.93931246
1000546,-7.9102697
1000547,-5.1363125
1000548,-6.035662
1000549,-4.3639326
1000550,-6.356649
1000551,-4.9739466
1000552,-6.330796
1000553,-6.8914113
1000554,-6.378112
1000555,-2.7563317
1000556,-7.7012877
1000557,-4.6485085
1000558,-4.000701
1000559,-3.519496
1000560,-0.35123608
1000561,-7.351916
1000562,-7.674588
1000563,-2.791346
1000564,-6.233267
1000565,-4.400016
1000566,-6.210292
1000567,-4.281857
1000568,-6.9631534
1000569,-1.7704107
1000570,-3.7095983
1000571,-3.243139
1000572,-5.0502934
1000573,-3.4969378
1000574,-5.3518786
1000575,-1.9389975
1000576,-3.8899622
1000577,0.36876446
1000578,-3.6163347
1000579,1.3719801
1000580,-0.97339606
1000581,-6.965566
1000582,-4.0978937
1000583,-6.767371
1000584,-2.9638557
1000585,-6.465826
1000586,-1.4799255
1000587,-5.3568153
1000588,-4.5400434
1000589,-5.3604255
1000590,-5.001441
1000591,-2.7314858
1000592,-5.706961
1000593,-5.157398
1000594,-1.9214493
1000595,-7.6045623
1000596,-3.419907
1000597,-3.3734605
1000598,-3.0462415
1000599,-1.4853526
1000600,-3.5609689
1000601,-3.2479415
1000602,-6.389711
1000603,-2.773865
1000604,-5.154898
1000605,-3.5505977
1000606,-5.285739
1000607,-1.0208826
1000608,-1.8755786
1000609,-6.1729646
1000610,-2.7930386
1000611,-1.6263611
1000612,-1.6692935
1000613,-6.376288
1000614,-4.9980597
1000615,-1.7612976
1000616,-2.709407
1000617,-8.84359
1000618,-3.7809951
1000619,-6.2379074
1000620,-5.9222345
1000621,-1.8828923
1000622,-7.0816836
1000623,-6.100579
1000624,-6.697162
1000625,-8.633667
1000626,-1.74451
1000627,-7.0718975
1000628,-0.7359967
1000629,-2.9595265
1000630,-1.1800404
1000631,-4.2304955
1000632,-2.7286525
1000633,-3.8852532
1000634,-4.2499614
1000635,-3.670261
1000636,-2.2393224
1000637,-2.961114
1000638,-5.8483033
1000639,-5.375935
1000640,-2.21784
1000641,-6.403245
1000642,-7.0291004
1000643,-5.3599806
1000644,-4.8080473
1000645,-3.7358108
1000646,-3.9117663
1000647,-3.32452
1000648,-6.2515817
1000649,-5.725646
1000650,-5.786662
1000651,-7.8576035
1000652,-4.1942673
1000653,-1.9110011
1000654,-3.0463328
1000655,-2.6021998
1000656,-1.6095657
1000657,-6.884385
1000658,-3.118436
1000659,-3.5124564
1000660,-2.954647
1000661,-5.9056664
1000662,-6.6703506
1000663,-1.9338406
1000664,-4.2612276
1000665,-6.3608284
1000666,-7.188378
1000667,-3.373438
1000668,-3.3879669
1000669,-4.681887
1000670,-2.5358074
1000671,-1.8510474
1000672,-3.7612042
1000673,-2.0155277
1000674,-6.596509
1000675,-1.124382
1000676,-4.7579207
1000677,-2.3275166
1000678,-4.8491845
1000679,-5.4792433
1000680,-4.201476
1000681,-5.9242287
1000682,-6.185158
1000683,-0.9888909
1000684,-1.4207662
1000685,-5.717895
1000686,-2.048659
1000687,-6.9078894
1000688,-5.223206
1000689,-8.005256
1000690,-6.3218846
1000691,-4.039989
1000692,-4.766011
1000693,-3.4622133
1000694,-3.9701335
1000695,-4.753358
1000696,-3.4918642
1000697,-7.953476
1000698,-7.127277
1000699,-4.2502565
1000700,-3.6952472
1000701,-0.79471916
1000702,-3.978822
1000703,-5.124691
1000704,-2.6468575
1000705,-6.4186
1000706,-5.249009
1000707,-4.216997
1000708,-6.4822497
1000709,-1.5407366
1000710,-6.3705173
1000711,-6.4140935
1000712,-3.541241
1000713,-4.748052
1000714,-3.5690844
1000715,-5.2003274
1000716,-1.2836988
1000717,-4.3450155
1000718,-4.7063975
1000719,-4.834085
1000720,-6.308592
1000721,-2.59109
1000722,-4.9983397
1000723,-6.2430406
1000724,-2.2642624
1000725,-1.5552996
1000726,-3.0746474
1000727,-6.096501
1000728,-7.7116914
1000729,-3.954849
1000730,-7.322729
1000731,-2.9691932
1000732,-3.3169878
1000733,-3.5966008
1000734,-6.091094
1000735,-3.4247856
1000736,-4.971364
1000737,-7.097098
1000738,-7.98732
1000739,-4.7004027
1000740,-7.0366273
1000741,-7.6515694
1000742,-1.5630405
1000743,-4.05231
1000744,-8.726229
1000745,-7.543156
1000746,-2.4250906
1000747,-3.884072
1000748,-1.0469292
1000749,-6.987966
1000750,-2.5484416
1000751,-1.8632013
1000752,-5.0844073
1000753,-8.083161
1000754,-1.0760117
1000755,-5.81933
1000756,-6.7859607
1000757,-7.0794973
1000758,-4.5603204
1000759,-5.1264005
1000760,-2.8389916
1000761,-5.8667154
1000762,-5.1134224
1000763,-0.33093867
1000764,-4.079154
1000765,-3.3248444
1000766,-6.31982
1000767,-0.9020405
1000768,-7.647887
1000769,-0.37596485
1000770,-6.5804763
1000771,-2.8148968
1000772,-2.8941677
1000773,-1.1613349
1000774,-6.172204
1000775,-3.0466688
1000776,-2.8239555
1000777,-2.0657933
1000778,-3.7736833
1000779,-6.148607
1000780,-2.3334048
1000781,-3.7251704
1000782,-4.6901507
1000783,-5.9694138
1000784,-3.1800365
1000785,-2.7903888
1000786,-1.8213906
1000787,-3.5331674
1000788,-2.6535444
1000789,-3.4296882
1000790,-5.4597597
1000791,-5.0980253
1000792,-2.5580912
1000793,-7.404796
1000794,-7.7894964
1000795,-2.4858968
1000796,-5.800747
1000797,-6.935715
1000798,-2.1678827
1000799,-6.1779675
1000800,-3.537978
1000801,-1.4641025
1000802,-3.7942307
1000803,-5.4242077
1000804,-4.066686
1000805,-1.777781
1000806,-1.5641066
1000807,-7.6249743
1000808,-3.1193907
1000809,-5.2607603
1000810,-3.6281705
1000811,-5.764714
1000812,-4.7054744
1000813,-3.9510243
1000814,-5.674326
1000815,-4.8814483
1000816,-1.2569087
1000817,-4.113029
1000818,-4.465282
1000819,-3.8302336
1000820,-4.7472734
1000821,-6.200028
1000822,-5.393515
1000823,-2.0155277
1000824,-7.0337706
1000825,-1.0320537
1000826,-5.819646
1000827,-3.8151097
1000828,-3.7205822
1000829,-3.1858673
1000830,-2.1923306
1000831,-4.013687
1000832,-7.9352603
1000833,-1.8612194
1000834,-3.422174
1000835,-7.095334
1000836,-1.8416826
1000837,-0.015923452
1000838,-4.378976
1000839,-8.45555
1000840,-4.607638
1000841,-4.6890616
1000842,-4.618087
1000843,0.037730988
1000844,-4.3681335
1000845,-2.3213062
1000846,-6.4093413
1000847,-3.6712859
1000848,-4.2177815
1000849,-6.2479234
1000850,-3.8949642
1000851,-3.2958343
1000852,-5.004922
1000853,-2.2944365
1000854,-4.394318
1000855,-3.7065847
1000856,-6.236267
1000857,0.4997416
1000858,-3.7984807
1000859,-1.5882004
1000860,-7.6747
1000861,-3.2933915
1000862,-0.4340477
1000863,-7.9729548
1000864,-7.28959
1000865,-1.9302175
1000866,-2.8618395
1000867,-1.344046
1000868,-8.255787
1000869,-5.419058
1000870,0.29437593
1000871,-2.3006403
1000872,-3.1816306
1000873,-4.4467382
1000874,-6.8705115
1000875,-1.9570152
1000876,-2.492495
1000877,-7.133619
1000878,-2.4940083
1000879,-6.698631
1000880,-4.1264887
1000881,0.04812256
1000882,-0.97027075
1000883,-3.364841
1000884,-6.6268673
1000885,-1.1773483
1000886,-6.2315035
1000887,-5.2892685
1000888,-6.464899
1000889,-5.424928
1000890,-0.5475945
1000891,0.53282714
1000892,-6.8535576
1000893,-2.191389
1000894,-5.9663453
1000895,-6.2659755
1000896,-3.1974664
1000897,-6.835301
1000898,-3.2694976
1000899,-3.7423954
1000900,-4.282203
1000901,-2.9849904
1000902,0.30650595
1000903,-3.9876273
1000904,-6.866515
1000905,-7.325816
1000906,-3.308043
1000907,-4.488416
1000908,-2.4406815
1000909,-6.9818497
1000910,-6.872745
1000911,-1.9775621
1000912,-6.9015517
1000913,-7.801574
1000914,-4.4858074
1000915,-3.882402
1000916,-3.3921127
1000917,-5.2797737
1000918,-2.8677611
1000919,-7.412116
1000920,-0.8154641
1000921,-1.8627481
1000922,-5.8757696
1000923,-4.9167
1000924,-5.940997
1000925,-5.302388
1000926,-5.909006
1000927,-2.3793802
1000928,-3.7999477
1000929,-3.5073426
1000930,-4.7791033
1000931,-6.0110373
1000932,-5.5732465
1000933,-1.7264777
1000934,-6.0228643
1000935,-5.7250223
1000936,-0.043066487
1000937,-2.3646312
1000938,-1.4811362
1000939,-6.2693806
1000940,-8.056677
1000941,-1.5687449
1000942,-5.5517673
1000943,-5.5756593
1000944,-5.4579887
1000945,-5.049175
1000946,-5.605057
1000947,-5.7191916
1000948,-7.374652
1000949,-3.4695797
1000950,-5.999506
1000951,-5.9735923
1000952,-2.6864343
1000953,-4.606686
1000954,-5.0474463
1000955,-2.8822362
1000956,-4.0005774
1000957,-3.9425654
1000958,-0.94028664
1000959,-2.464377
1000960,-6.2186394
1000961,-3.4512079
1000962,-1.697715
1000963,-1.998272
1000964,-3.0313854
1000965,-7.8020167
1000966,-3.8105624
1000967,-7.5960917
1000968,-4.777145
1000969,-3.0451093
1000970,-1.0348902
1000971,-4.098288
1000972,-0.70891666
1000973,-3.6750426
1000974,-0.4728535
1000975,-7.0842185
1000976,-1.2585863
1000977,-7.4577875
1000978,-6.229997
1000979,-3.2850962
1000980,-1.9948546
1000981,-3.5626922
1000982,-1.4627631
1000983,-3.81548
1000984,-5.3525667
1000985,-7.525168
1000986,-6.6286807
1000987,-3.1056511
1000988,-3.3011723
1000989,-1.9402617
1000990,-7.5881166
1000991,-5.4693394
1000992,-2.2358177
1000993,-4.39634
1000994,-2.1196046
1000995,-2.2944365
1000996,-7.170334
1000997,-6.874148
1000998,-3.3963113
1000999,-1.517265
1001000,-6.290125
1001001,-0.12023458
1001002,-2.4639819
1001003,-5.2257943
1001004,-5.262355
1001005,-3.2656007
1001006,-3.054822
1001007,-5.6712637
1001008,-1.1101283
1001009,-5.4429336
1001010,-2.1252644
1001011,-5.573456
1001012,0.81539994
1001013,-2.1057177
1001014,-3.174779
1001015,-7.6575794
1001016,-3.2679408
1001017,-2.8397748
1001018,-1.7437699
1001019,-7.71181
1001020,-1.0429337
1001021,-2.8571846
1001022,-3.3212793
1001023,-3.9154882
1001024,-0.95702803
1001025,-6.756475
1001026,-3.9145825
1001027,-2.802133
1001028,-1.2395413
1001029,-7.466925
1001030,-4.7503657
1001031,-4.2411504
1001032,-2.8492186
1001033,-6.335841
1001034,-2.8315642
1001035,-6.6574225
1001036,-4.2590814
1001037,-3.7549407
1001038,-1.4265468
1001039,-6.7321486
1001040,-7.5728188
1001041,-8.11626
1001042,-3.958759
1001043,-6.1350384
1001044,-3.75443
1001045,-5.9802194
1001046,-3.0199637
1001047,-4.8404727
1001048,-3.4926813
1001049,-6.3568416
1001050,-6.621132
1001051,-4.1934953
1001052,-1.2624617
1001053,-4.0656805
1001054,-1.516489
1001055,-3.5533497
1001056,-3.5434453
1001057,-3.9236336
1001058,-3.589713
1001059,-7.2029715
1001060,-7.545256
1001061,-2.0728438
1001062,-4.4866586
1001063,-4.4860544
1001064,-7.1154084
1001065,-5.615564
1001066,-3.5861967
1001067,-2.13725
1001068,-6.841862
1001069,-2.5544279
1001070,-1.8244761
1001071,-4.897139
1001072,-6.2974324
1001073,-3.1312153
1001074,-1.9568411
1001075,-7.1888227
1001076,-7.2823124
1001077,-7.1303487
1001078,-5.2699237
1001079,-1.9808756
1001080,-3.6963325
1001081,-3.8262506
1001082,-3.4203224
1001083,-3.9917312
1001084,-1.8751931
1001085,-3.7262492
1001086,-2.291107
1001087,-0.95812523
1001088,-4.225092
1001089,-4.5818
1001090,-3.913252
1001091,-6.130473
1001092,-5.2752957
1001093,-4.7089005
1001094,-4.121409
1001095,-4.7116623
1001096,-6.302359
1001097,-5.626996
1001098,-5.284152
1001099,-0.35789827
1001100,-2.0746982
1001101,-7.692743
1001102,-6.4927483
1001103,-2.3143814
1001104,-6.742305
1001105,-2.3086424
1001106,-1.6450762
1001107,-2.1688135
1001108,-4.8985515
1001109,-7.7506776
1001110,-0.8987971
1001111,-0.28457925
1001112,-3.384314
1001113,-2.6781347
1001114,-3.193549
1001115,-4.2740912
1001116,-7.175467
1001117,-6.6779585
1001118,-2.597421
1001119,-5.1244216
1001120,-1.2930329
1001121,-7.4483967
1001122,-5.7414465
1001123,-3.3905416
1001124,-6.653162
1001125,-7.708554
1001126,-4.4623265
1001127,-2.7446098
1001128,-3.7489605
1001129,-5.7448735
1001130,-5.470292
1001131,-4.2906137
1001132,-3.7390985
1001133,0.11753997
1001134,-3.3393884
1001135,-3.072213
1001136,-5.167749
1001137,-3.6971028
1001138,-1.9613783
1001139,-1.4049668
1001140,-5.3979225
1001141,-2.5464664
1001142,-4.3674345
1001143,0.62352693
1001144,-4.84748
1001145,-0.7359967
1001146,-3.852692
1001147,-3.7970786
1001148,-0.6060203
1001149,-3.216724
1001150,-5.1157827
1001151,-5.3109097
1001152,-7.817704
1001153,-2.5362146
1001154,-3.359962
1001155,-6.1168323
1001156,-6.2746997
1001157,-4.0054283
1001158,-4.105217
1001159,-7.1308427
1001160,-2.860176
1001161,-6.004316
1001162,-6.369665
1001163,-3.2829263
1001164,-5.2472506
1001165,-7.0621734
1001166,-7.3592114
1001167,-3.9420314
1001168,-3.2586198
1001169,-4.0791664
1001170,-3.290818
1001171,-1.6593034
1001172,-2.3947597
1001173,-7.6478386
1001174,-1.0219216
1001175,-5.0434833
1001176,-2.4284408
1001177,-1.835374
1001178,-0.24645694
1001179,-3.6064634
1001180,-2.1929307
1001181,-6.5065737
1001182,-1.5011435
1001183,-4.662258
1001184,-8.751928
1001185,-1.6204554
1001186,-7.175081
1001187,-3.1727858
1001188,-3.6693199
1001189,-1.0105026
1001190,-1.0285032
1001191,-2.7813513
1001192,-7.0704513
1001193,-7.4286823
1001194,-2.9639194
1001195,-0.2806783
1001196,-6.611893
1001197,-4.015411
1001198,-2.3193352
1001199,-2.4552038
1001200,-6.984929
1001201,-4.9834194
1001202,-4.5777235
1001203,-2.5383973
1001204,-6.8621693
1001205,-1.2254934
1001206,-2.968112
1001207,-6.5672097
1001208,-6.693586
1001209,-2.543208
1001210,-1.0195067
1001211,-4.5403223
1001212,-3.6313715
1001213,-7.846897
1001214,-4.7056904
1001215,-4.24081
1001216,1.3729973
1001217,-5.077896
1001218,-3.9570267
1001219,0.644508
1001220,-3.5088308
1001221,-1.2662055
1001222,-2.7497978
1001223,-1.8881956
1001224,-3.149962
1001225,-5.264328
1001226,-4.695163
1001227,-1.2814803
1001228,-1.5632468
1001229,-7.2747717
1001230,-6.2887444
1001231,-4.8182464
1001232,-3.2094457
1001233,-5.789672
1001234,-0.75325686
1001235,-1.0667305
1001236,-4.823145
1001237,-4.8763547
1001238,-2.0901558
1001239,-4.375924
1001240,-4.2520385
1001241,-2.9033618
1001242,-6.381137
1001243,-5.831686
1001244,-6.7659802
1001245,-6.2344184
1001246,-4.973343
1001247,-2.8134725
1001248,-4.4501038
1001249,-2.6944664
1001250,-2.48422
1001251,-4.3640313
1001252,-1.3159802
1001253,-2.9121363
1001254,-4.508074
1001255,-4.564963
1001256,-1.0856692
1001257,-4.430197
1001258,0.035049126
1001259,-2.3694339
1001260,-6.8321023
1001261,-4.259003
1001262,-5.5559545
1001263,-2.1546316
1001264,-3.7201858
1001265,-1.2455481
1001266,-5.772402
1001267,1.0251498
1001268,-2.7796712
1001269,-1.6801755
1001270,-3.860739
1001271,-4.308028
1001272,-3.9691238
1001273,-7.170693
1001274,-4.5645785
1001275,-6.6077557
1001276,-7.6966295
1001277,-6.4263
1001278,-2.9749403
1001279,-1.7775527
1001280,-6.275676
1001281,-4.0946503
1001282,-2.0259542
1001283,-6.193277
1001284,-7.2839694
1001285,-3.2146313
1001286,-2.9616334
1001287,-1.968093
1001288,-3.7144802
1001289,-7.5784125
1001290,-2.225524
1001291,-4.5141764
1001292,-1.0516973
1001293,-2.5244024
1001294,-3.0099432
1001295,-5.754258
1001296,-4.114396
1001297,-3.3039618
1001298,-6.440114
1001299,-4.2052574
1001300,-5.3281918
1001301,-7.2773037
1001302,-3.0563424
1001303,-1.2639287
1001304,-3.8200917
1001305,-5.1423607
1001306,-3.206836
1001307,-5.043252
1001308,-8.038577
1001309,-4.059722
1001310,-1.9878675
1001311,-7.1582465
1001312,-0.7693548
1001313,-4.326375
1001314,-4.1942344
1001315,-4.905884
1001316,-6.9912343
1001317,-7.4888372
1001318,-5.188735
1001319,-5.6578236
1001320,-5.874898
1001321,-2.7198217
1001322,-1.9232783
1001323,-2.525333
1001324,-2.6146617
1001325,-5.656788
1001326,-5.2178717
1001327,-3.8296802
1001328,-7.3915243
1001329,-2.4019592
1001330,-1.1389443
1001331,-2.0188713
1001332,-5.9467645
1001333,-5.4341264
1001334,-4.4892216
1001335,-3.4551616
1001336,-3.8818002
1001337,-2.9593222
1001338,-7.300027
1001339,-4.366573
1001340,-1.5700552
1001341,-4.834543
1001342,-5.0969715
1001343,-3.3430789
1001344,-2.477619
1001345,-7.268945
1001346,-3.496898
1001347,-1.2420616
1001348,-7.7193723
1001349,-5.0351014
1001350,-4.8182807
1001351,-6.4066257
1001352,-5.6912436
1001353,-3.0580256
1001354,-2.094257
1001355,-8.756545
1001356,-7.2526736
1001357,-3.6803463
1001358,-6.044928
1001359,-7.583102
1001360,-2.4995823
1001361,-6.876677
1001362,-5.9889297
1001363,-4.2083573
1001364,-5.7013702
1001365,-2.0033045
1001366,-4.143097
1001367,-6.7324224
1001368,-4.8629274
1001369,-5.0721908
1001370,-1.3532238
1001371,-5.6361327
1001372,-3.7236462
1001373,-6.663047
1001374,-2.9857638
1001375,-7.7768297
1001376,-6.2095356
1001377,-2.5147645
1001378,-4.1648536
1001379,-3.1496842
1001380,-2.8359802
1001381,-3.4817245
1001382,-3.1608684
1001383,-3.5994174
1001384,-6.068482
1001385,-6.518853
1001386,-5.4407005
1001387,-5.405986
1001388,-6.660484
1001389,-6.2517624
1001390,-3.9189162
1001391,-1.6804461
1001392,-6.893229
1001393,-4.476511
1001394,-4.976313
1001395,-4.7151413
1001396,-3.6747293
1001397,-4.7098694
1001398,-4.4974704
1001399,-1.6702505
1001400,-0.17977436
1001401,-5.494461
1001402,-5.736061
1001403,-4.1012464
1001404,-3.7002218
1001405,-0.5017629
1001406,-4.9063616
1001407,-3.2411146
1001408,-5.8679233
1001409,-5.884611
1001410,-3.640758
1001411,-4.9063096
1001412,-2.2805579
1001413,-3.957518
1001414,-0.9829504
1001415,-2.5112238
1001416,-3.0400908
1001417,-5.634752
1001418,-5.0766664
1001419,-7.0905848
1001420,-2.6993313
1001421,-6.7275457
1001422,-3.444981
1001423,-5.2868814
1001424,-6.30856
1001425,-4.110806
1001426,-4.239838
1001427,-3.681962
1001428,-3.1440191
1001429,-2.0739763
1001430,-4.11871
1001431,-2.1245298
1001432,-3.4217193
1001433,-6.2004786
1001434,-5.73064
1001435,-4.9387856
1001436,-4.511618
1001437,-7.7490706
1001438,-0.37220207
1001439,-3.748941
1001440,-8.755331
1001441,-5.4037833
1001442,-8.70838
1001443,-2.6487021
1001444,-0.89914775
1001445,-5.5658693
1001446,-8.731991
1001447,-5.498524
1001448,-1.7026641
1001449,-0.8684969
1001450,-7.5146437
1001451,-3.344848
1001452,-5.962648
1001453,-1.4106481
1001454,-2.9461803
1001455,-7.706694
1001456,-1.7480766
1001457,-4.2493467
1001458,-4.2490325
1001459,-3.8377862
1001460,-3.6724412
1001461,-6.39223
1001462,-1.8632843
1001463,-2.3339393
1001464,-1.993964
1001465,-7.623493
1001466,-4.56405
1001467,-6.622953
1001468,-2.9901018
1001469,-3.7268405
1001470,-6.347701
1001471,-6.661079
1001472,-1.553976
1001473,-2.8329308
1001474,-3.8800373
1001475,-2.8810892
1001476,-5.504681
1001477,-5.2938313
1001478,-4.396197
1001479,-1.244954
1001480,-3.4418106
1001481,-3.8387039
1001482,-1.7754136
1001483,-7.554062
1001484,-5.332858
1001485,-4.836779
1001486,-6.629158
1001487,-6.828733
1001488,-2.6743004
1001489,-7.114529
1001490,-4.6682086
1001491,-4.213481
1001492,-4.528176
1001493,-5.252666
1001494,-1.971897
1001495,-1.6829823
1001496,-5.07294
1001497,0.15358245
1001498,-3.0056927
1001499,-2.340415
1001500,-3.3363578
1001501,-4.4367757
1001502,-4.7074103
1001503,-5.859777
1001504,-5.7387805
1001505,-1.7355849
1001506,-5.385813
1001507,-4.580427
1001508,-3.2326808
1001509,-6.4480176
1001510,-2.0666578
1001511,-6.4631014
1001512,-5.613308
1001513,-6.2424726
1001514,-0.46740094
1001515,-4.7116623
1001516,-2.7033753
1001517,-0.8676441
1001518,-4.0470767
1001519,-5.613894
1001520,-3.2184925
1001521,-5.339301
1001522,2.00486
1001523,-3.696253
1001524,-1.3633897
1001525,-2.354007
1001526,-2.74355
1001527,-4.952644
1001528,-4.614895
1001529,-5.6442246
1001530,-3.5942707
1001531,-7.008475
1001532,-5.266486
1001533,-3.5992768
1001534,-4.859799
1001535,-2.5698216
1001536,-0.042817064
1001537,-6.2436843
1001538,-6.3749776
1001539,-6.6645565
1001540,-5.6934867
1001541,-5.0438943
1001542,-5.5502615
1001543,-6.6746473
1001544,-5.1632676
1001545,-3.6770003
1001546,-4.483462
1001547,-7.9917855
1001548,-1.2178831
1001549,-5.5036793
1001550,-2.0686667
1001551,-6.014469
1001552,-6.7655416
1001553,-1.1404992
1001554,-0.48437005
1001555,-5.778932
1001556,-3.0959134
1001557,-2.8262553
1001558,-5.147524
1001559,-3.238657
1001560,-2.6795204
1001561,-1.4030266
1001562,-3.083646
1001563,-2.4016957
1001564,-5.4428735
1001565,-1.9805577
1001566,-4.937744
1001567,-5.200505
1001568,-4.577288
1001569,-6.6885157
1001570,-4.73396
1001571,-3.1999154
1001572,-3.6658285
1001573,-4.5348725
1001574,-1.014951
1001575,-8.013544
1001576,-2.710008
1001577,-5.495402
1001578,-6.317509
1001579,-7.328952
1001580,-8.120417
1001581,-6.0314007
1001582,-6.448136
1001583,-2.0812204
1001584,-4.3647785
1001585,-7.025515
1001586,-2.4990382
1001587,-6.3026876
1001588,-7.2687516
1001589,-4.174168
1001590,-3.1766932
1001591,-7.4995
1001592,-2.5275
1001593,-2.7883303
1001594,-5.1687474
1001595,-4.91912
1001596,-6.946244
1001597,-1.6682475
1001598,-4.3089957
1001599,-7.354975
1001600,-0.7729587
1001601,-5.550295
1001602,-4.066556
1001603,-4.8627906
1001604,-5.314917
1001605,-3.4073725
1001606,-4.047147
1001607,-5.081044
1001608,-3.7999148
1001609,-4.897537
1001610,-5.6535077
1001611,-5.021393
1001612,-5.560885
1001613,-2.910324
1001614,-6.917282
1001615,-6.5133243
1001616,-2.4067254
1001617,-3.9141066
1001618,-4.0996957
1001619,-3.9530075
1001620,-2.6952033
1001621,-6.2024136
1001622,-0.50012654
1001623,-5.4760184
1001624,-3.8480399
1001625,-5.0203023
1001626,-1.4290168
1001627,-3.9870145
1001628,-2.4145558
1001629,-1.2587093
1001630,-3.6060328
1001631,-4.3731904
1001632,-4.1275196
1001633,-3.6606822
1001634,-2.167268
1001635,-2.133326
1001636,0.94522786
1001637,-3.9790168
1001638,-5.2124014
1001639,-2.2536097
1001640,-3.9601884
1001641,-5.3088937
1001642,-0.14545524
1001643,-5.0552773
1001644,-5.2353888
1001645,-3.3620675
1001646,-2.9713473
1001647,-3.7811584
1001648,1.4752651
1001649,-7.679264
1001650,-3.532062
1001651,-4.143131
1001652,-5.9920278
1001653,-5.6460524
1001654,-6.705711
1001655,-1.226319
1001656,-3.2752953
1001657,-2.009146
1001658,-7.261512
1001659,-6.9795876
1001660,-0.76409465
1001661,-5.461935
1001662,0.16729084
1001663,-6.6711836
1001664,-8.233828
1001665,-7.462997
1001666,-4.033622
1001667,-5.6262302
1001668,-6.5218925
1001669,-2.3064115
1001670,-2.1035767
1001671,-5.355446
1001672,-2.0909889
1001673,-5.543883
1001674,-7.241476
1001675,-2.8866098
1001676,-6.9233136
1001677,-7.4489074
1001678,-5.6248083
1001679,-3.2881272
1001680,-4.466379
1001681,-3.3206441
1001682,-5.501714
1001683,-6.4301686
1001684,-4.977112
1001685,-6.9324017
1001686,-1.2798508
1001687,-3.1455774
1001688,-0.9174085
1001689,-2.6665685
1001690,-4.514027
1001691,-7.886859
1001692,-8.244191
1001693,-7.676052
1001694,-3.3881752
1001695,-7.8584976
1001696,-2.3722587
1001697,-4.6849794
1001698,-5.971947
1001699,-5.487205
1001700,-3.0954256
1001701,-1.5323092
1001702,-5.780516
1001703,-7.534683
1001704,-2.646321
1001705,-6.1644545
1001706,-4.296199
1001707,-4.049908
1001708,-5.580739
1001709,-3.4079316
1001710,-2.6686401
1001711,-3.1273353
1001712,-5.019721
1001713,-2.3491638
1001714,0.619174
1001715,-3.5478027
1001716,-0.8160671
1001717,0.51686597
1001718,-4.1662197
1001719,-4.581365
1001720,-0.8973324
1001721,-2.4500864
1001722,-3.654377
1001723,-4.058178
1001724,-5.363128
1001725,-5.6006265
1001726,-7.297891
1001727,-2.5456483
1001728,-2.2786698
1001729,-4.5403633
1001730,-2.6055713
1001731,-3.9729943
1001732,0.3611315
1001733,-7.2478433
1001734,-3.1406643
1001735,-6.4744444
1001736,-8.023199
1001737,-1.0854897
1001738,-4.7089105
1001739,-6.6903462
1001740,-4.611713
1001741,-8.87277
1001742,-4.899911
1001743,-2.419903
1001744,-2.8176045
1001745,-6.054021
1001746,-1.9749727
1001747,-4.504721
1001748,-3.0809672
1001749,-2.5214694
1001750,-7.6138177
1001751,-6.3039227
1001752,-5.4845433
1001753,-3.8165958
1001754,-5.80069
1001755,-7.848646
1001756,-2.546751
1001757,-6.2790027
1001758,-6.6241302
1001759,-4.878341
1001760,-3.7268894
1001761,-4.2449727
1001762,-7.778129
1001763,-2.1873639
1001764,-7.3792744
1001765,-4.2511888
1001766,-6.8389916
1001767,-6.17812
1001768,-3.6510773
1001769,-4.6806283
1001770,-7.194046
1001771,-6.990148
1001772,-5.464834
1001773,-4.779257
1001774,-1.852156
1001775,-6.1083956
1001776,1.3067315
1001777,-6.8968954
1001778,-3.463322
1001779,-4.5693636
1001780,-1.7524812
1001781,-6.138794
1001782,-0.5359909
1001783,-7.2310824
1001784,-3.5848944
1001785,-0.6646149
1001786,-5.868502
1001787,-2.6457655
1001788,-2.159041
1001789,1.4584534
1001790,-6.890187
1001791,-3.4825714
1001792,-5.32336
1001793,-2.9165986
1001794,-6.6795907
1001795,-3.3212254
1001796,-5.327978
1001797,-2.7098813
1001798,-6.4441547
1001799,-3.8288777
1001800,-4.451954
1001801,-6.4391665
1001802,-7.7728634
1001803,0.08844475
1001804,-4.4871283
1001805,-4.9093246
1001806,-6.2937727
1001807,-2.8797317
1001808,-3.9939618
1001809,-5.8368955
1001810,-1.8125743
1001811,-3.4111845
1001812,-6.401069
1001813,-3.2990294
1001814,-6.0386667
1001815,-2.067777
1001816,-2.6979244
1001817,-3.6881337
1001818,-5.134995
1001819,-1.492897
1001820,-6.9840846
1001821,-7.1050444
1001822,-1.9458565
1001823,-5.468646
1001824,-3.388548
1001825,-3.4215927
1001826,-3.938159
1001827,-5.078041
1001828,-1.7879025
1001829,-3.9787886
1001830,-7.0421085
1001831,-4.2182527
1001832,-2.7167857
1001833,-2.602488
1001834,-2.754093
1001835,0.83654135
1001836,-1.6975595
1001837,-4.1587844
1001838,-4.867871
1001839,-4.1644197
1001840,-1.6533997
1001841,-6.5915585
1001842,-0.7930009
1001843,-6.8462477
1001844,-2.0794652
1001845,-6.9074516
1001846,-4.0633097
1001847,-7.255263
1001848,-7.2235475
1001849,-7.124744
1001850,-2.6094036
1001851,-7.7459593
1001852,-6.9203687
1001853,-7.320947
1001854,-7.5114193
1001855,-3.6033132
1001856,-5.2190304
1001857,-5.0158353
1001858,-6.575593
1001859,-6.1415358
1001860,-3.4371054
1001861,-6.074804
1001862,-4.0296793
1001863,-5.7852745
1001864,-5.027547
1001865,-3.855159
1001866,-8.014288
1001867,-5.7658954
1001868,-0.4666032
1001869,-4.284551
1001870,-2.5782192
1001871,-7.045844
1001872,-4.3324804
1001873,-4.290536
1001874,-8.235932
1001875,-4.8296323
1001876,-2.6004357
1001877,-3.377948
1001878,-1.8116388
1001879,-7.015364
1001880,-5.111648
1001881,-8.798656
1001882,-4.847338
1001883,-3.8262277
1001884,-1.3773838
1001885,-8.100684
1001886,-6.627524
1001887,-4.659537
1001888,-3.4173539
1001889,-3.1704664
1001890,-8.038176
1001891,-3.7702975
1001892,-7.3708124
1001893,-6.7985725
1001894,-2.9028487
1001895,-2.59194
1001896,-4.85209
1001897,-6.6099324
1001898,-4.0192604
1001899,-6.1284285
1001900,-1.5092838
1001901,-1.6993047
1001902,-3.1876392
1001903,-3.8016417
1001904,-8.083912
1001905,-3.6811833
1001906,-7.4346976
1001907,-2.2662945
1001908,-1.831338
1001909,-0.35461792
1001910,-3.071383
1001911,-4.8021703
1001912,-6.180954
1001913,-0.8465256
1001914,-6.0225067
1001915,-6.408898
1001916,-5.4276266
1001917,-5.3762307
1001918,-5.5042076
1001919,-2.340732
1001920,-8.639804
1001921,-2.4112906
1001922,-1.3754841
1001923,-5.867555
1001924,-5.7222633
1001925,-4.6407514
1001926,-2.8383703
1001927,-6.2997994
1001928,-6.6895995
1001929,-4.0111494
1001930,-6.3310757
1001931,-2.8228073
1001932,-6.021176
1001933,-4.0066214
1001934,-4.4099913
1001935,-0.26081052
1001936,-3.7810376
1001937,-2.9608774
1001938,-0.8327386
1001939,-4.421285
1001940,-5.196601
1001941,-1.7161226
1001942,-7.0165405
1001943,-4.9530115
1001944,-6.448713
1001945,-6.974664
1001946,-5.9146633
1001947,-4.6442146
1001948,-2.3356802
1001949,-7.5674405
1001950,-4.676101
1001951,-5.7356787
1001952,-2.5769327
1001953,-3.1825302
1001954,-5.9657245
1001955,-2.755822
1001956,-3.2494128
1001957,-3.467945
1001958,-8.199346
1001959,-1.0763558
1001960,-0.9172052
1001961,-2.0080254
1001962,-2.519041
1001963,-5.2769504
1001964,-6.763523
1001965,-0.11500044
1001966,-2.3109016
1001967,-2.7414627
1001968,-1.323249
1001969,-1.602521
1001970,-1.6847796
1001971,-7.6386633
1001972,-2.6101375
1001973,-3.163942
1001974,-5.0598993
1001975,-3.5106323
1001976,-6.089853
1001977,-5.9039917
1001978,-0.005750645
1001979,-5.872423
1001980,-1.3780289
1001981,-0.3353451
1001982,-6.027807
1001983,-4.500393
1001984,-2.7951326
1001985,-7.9318643
1001986,-5.4968033
1001987,-3.5964298
1001988,-5.250121
1001989,-6.461675
1001990,-5.889624
1001991,-7.34814
1001992,-3.6543355
1001993,-1.6871473
1001994,-5.944742
1001995,-2.9769905
1001996,-6.4768744
1001997,-6.7404847
1001998,-6.6412473
1001999,-3.0438578
1002000,-1.3432854
1002001,-4.498698
1002002,-6.4756346
1002003,-3.271216
1002004,-4.619205
1002005,-5.0552344
1002006,-5.573219
1002007,-1.8690089
1002008,-1.4600452
1002009,-7.3591886
1002010,-3.8883162
1002011,-4.621512
1002012,-4.3772087
1002013,-6.1381335
1002014,-1.9171815
1002015,-0.22296396
1002016,-4.47767
1002017,-3.2100868
1002018,-2.5758126
1002019,0.27703425
1002020,-5.281438
1002021,-6.922417
1002022,-3.325644
1002023,-2.2227058
1002024,-6.5405607
1002025,-2.6521401
1002026,-4.644555
1002027,-7.3859873
1002028,-4.494029
1002029,-7.3174167
1002030,-2.0473738
1002031,-5.235521
1002032,-2.9456124
1002033,-2.316488
1002034,-2.6929777
1002035,-2.4623208
1002036,-5.5940275
1002037,-0.7289194
1002038,-7.569568
1002039,-7.365631
1002040,-2.696964
1002041,-3.967478
1002042,-2.421668
1002043,-5.615495
1002044,-5.9916344
1002045,-1.9975424
1002046,-1.1277031
1002047,-1.8345592
1002048,-7.328933
1002049,-2.006324
1002050,-2.8945496
1002051,-3.0957313
1002052,-4.986176
1002053,-1.9443223
1002054,-2.040055
1002055,-5.3797297
1002056,-8.153925
1002057,-2.57361
1002058,-3.84727
1002059,-5.616159
1002060,-5.75498
1002061,-3.9455225
1002062,-5.9338827
1002063,-5.4271655
1002064,-5.2224894
1002065,-0.03777192
1002066,-3.328183
1002067,-3.7584374
1002068,-3.2600164
1002069,-6.0841923
1002070,-4.4146013
1002071,-0.07431483
1002072,-3.38904
1002073,-3.6852853
1002074,-5.2304873
1002075,-3.5117736
1002076,-4.7611003
1002077,-4.4080067
1002078,-3.6615243
1002079,-3.9487443
1002080,-8.456975
1002081,-0.24645694
1002082,-7.4204903
1002083,-3.6437914
1002084,-5.636572
1002085,-5.2774734
1002086,-2.2818758
1002087,-7.9939256
1002088,-3.426461
1002089,-4.3013077
1002090,-3.9560568
1002091,-2.7618806
1002092,-5.2926936
1002093,-3.435276
1002094,-4.6091104
1002095,-5.707905
1002096,-1.6111085
1002097,-6.0015287
1002098,-7.312518
1002099,-6.7513175
1002100,-7.1284194
1002101,-2.7481503
1002102,-4.90602
1002103,-4.9162774
1002104,-5.459113
1002105,-5.72079
1002106,-3.837043
1002107,-3.6926222
1002108,-4.907838
1002109,-3.8989916
1002110,-6.199986
1002111,-4.042894
1002112,-7.5184646
1002113,-7.8010163
1002114,-1.799709
1002115,-4.704588
1002116,-5.135151
1002117,-4.254072
1002118,-4.4002986
1002119,-8.417938
1002120,-2.8853068
1002121,-6.1579313
1002122,-0.50909597
1002123,-7.463119
1002124,-2.2902043
1002125,-1.5618093
1002126,-1.1779836
1002127,-5.787798
1002128,-2.6513047
1002129,-3.2703497
1002130,-3.785141
1002131,-5.741164
1002132,-3.992316
1002133,-1.7548162
1002134,-3.8128319
1002135,-3.174892
1002136,-3.8015363
1002137,-2.2336252
1002138,-2.094257
1002139,-3.454404
1002140,-5.0088716
1002141,-5.566443
1002142,-2.347339
1002143,-2.6581619
1002144,-4.3255177
1002145,-4.028638
1002146,-4.3346334
1002147,-4.385694
1002148,-6.1903696
1002149,-1.0448148
1002150,-4.7116623
1002151,-5.7387614
1002152,-2.4360888
1002153,-4.1910667
1002154,-1.9232806
1002155,-9.442046
1002156,-2.4611468
1002157,-1.7580028
1002158,-7.2447524
1002159,-0.42286497
1002160,0.34240276
1002161,-6.213146
1002162,-3.6746857
1002163,-3.2609453
1002164,-3.4057076
1002165,-4.2050543
1002166,-5.174708
1002167,-6.073046
1002168,-4.147053
1002169,-7.5847754
1002170,-3.0284445
1002171,-6.70008
1002172,-3.4392335
1002173,-6.5708103
1002174,-3.8949642
1002175,-4.082774
1002176,-4.755906
1002177,-4.2487803
1002178,-3.8592813
1002179,-3.9198124
1002180,-4.2885556
1002181,-0.5037327
1002182,-4.8000827
1002183,-4.961482
1002184,-5.237585
1002185,-4.4646153
1002186,-1.7762098
1002187,-4.374281
1002188,-5.8244753
1002189,-4.928597
1002190,0.16044283
1002191,-7.3986683
1002192,-8.266601
1002193,-2.080368
1002194,-5.7285166
1002195,-4.9651318
1002196,-4.725541
1002197,-2.7426627
1002198,-2.2186954
1002199,-7.937162
1002200,-3.9728718
1002201,-2.924887
1002202,-1.8268263
1002203,-1.5740464
1002204,-5.5891466
1002205,-6.643479
1002206,-4.8116946
1002207,-1.8161337
1002208,-3.36452
1002209,-5.006113
1002210,-6.2485194
1002211,-2.6293359
1002212,-4.658809
1002213,-6.213545
1002214,-3.233258
1002215,-0.34178737
1002216,0.37464124
1002217,-1.3508786
1002218,-6.5052485
1002219,-4.499514
1002220,-6.556354
1002221,-3.5149255
1002222,-3.3539898
1002223,-2.982515
1002224,-5.019926
1002225,-3.7003806
1002226,-6.411919
1002227,-4.850043
1002228,-6.0091825
1002229,-4.6524315
1002230,-2.5612097
1002231,-2.7806215
1002232,-4.7169495
1002233,-2.0170777
1002234,-3.6679401
1002235,-6.0168405
1002236,-2.9811006
1002237,-2.2329936
1002238,-4.071524
1002239,-2.5367851
1002240,-5.4945683
1002241,-5.6760488
1002242,-7.762163
1002243,-3.1085155
1002244,-4.212021
1002245,-5.6137996
1002246,-4.4025335
1002247,-6.65063
1002248,-3.1829321
1002249,-1.4176124
1002250,-7.8804793
1002251,-6.884915
1002252,-6.5216346
1002253,-2.2625601
1002254,-1.2930329
1002255,-1.7218329
1002256,-1.6827078
1002257,-3.0375242
1002258,-8.1073885
1002259,-5.099907
1002260,-2.7101057
1002261,-6.445162
1002262,-2.8808708
1002263,-5.2062798
1002264,-3.5227334
1002265,-6.5955358
1002266,-3.1452196
1002267,-2.527435
1002268,-7.225825
1002269,-1.8425585
1002270,-0.83898413
1002271,-5.5666285
1002272,-3.11809
1002273,-2.0125637
1002274,-6.478296
1002275,-1.9883262
1002276,-7.090819
1002277,-3.6053736
1002278,-3.9067647
1002279,-4.4515176
1002280,-3.9338496
1002281,-4.4367757
1002282,-6.514473
1002283,-0.6075945
1002284,-7.0389585
1002285,-2.511707
1002286,-3.1525555
1002287,-6.9175925
1002288,-7.323945
1002289,-7.962918
1002290,-3.3165324
1002291,-1.2182417
1002292,-7.234301
1002293,-2.4142056
1002294,-1.5455436
1002295,-4.7663574
1002296,0.46567905
1002297,-2.520922
1002298,-6.3458986
1002299,-3.1732361
1002300,-4.9739537
1002301,-2.326933
1002302,-1.8586018
1002303,-7.246403
1002304,-6.7140527
1002305,-4.0518236
1002306,-3.8796852
1002307,-3.0569255
1002308,-0.8357436
1002309,-5.511919
1002310,-6.376601
1002311,-3.7342112
1002312,-5.9735923
1002313,-4.260452
1002314,-4.3911014
1002315,-8.355178
1002316,-3.5949354
1002317,-4.8285437
1002318,-6.284958
1002319,-2.9403787
1002320,-2.2335076
1002321,-5.577781
1002322,-6.232731
1002323,-6.5531445
1002324,-5.852544
1002325,-4.3314705
1002326,-5.8338537
1002327,-4.5428333
1002328,-7.8407745
1002329,-4.9423075
1002330,-7.200271
1002331,-2.5469346
1002332,-2.6979244
1002333,-4.079302
1002334,-2.0336127
1002335,-1.3834966
1002336,-6.431489
1002337,-4.153192
1002338,1.0391053
1002339,-1.392097
1002340,-3.663101
1002341,-4.6296225
1002342,-3.8316038
1002343,-5.529854
1002344,-8.039048
1002345,-3.8817272
1002346,-2.9839108
1002347,-6.5295453
1002348,-1.2992518
1002349,-5.948895
1002350,-6.97677
1002351,-6.0711317
1002352,-3.2037585
1002353,-3.7141573
1002354,-0.338577
1002355,-1.8372545
1002356,-2.9480329
1002357,-3.5826027
1002358,-2.704824
1002359,-3.8703976
1002360,-6.346654
1002361,-2.5804694
1002362,-3.9021885
1002363,-2.502751
1002364,-4.104776
1002365,-2.1579769
1002366,-5.7890296
1002367,-7.053602
1002368,-5.323042
1002369,-6.6303234
1002370,-1.040999
1002371,-4.4188995
1002372,0.41421363
1002373,-7.4833865
1002374,-4.861995
1002375,-0.86193126
1002376,-7.8348184
1002377,-6.4149184
1002378,-3.7533133
1002379,-3.0521953
1002380,-3.3319635
1002381,-6.237682
1002382,-5.8056226
1002383,-3.590562
1002384,-4.6298556
1002385,-6.6962233
1002386,-4.14602
1002387,-7.3676214
1002388,-3.6668117
1002389,-4.0075674
1002390,-3.4411614
1002391,-7.681493
1002392,-3.6774328
1002393,-6.4005923
1002394,-1.0885153
1002395,-3.593761
1002396,-7.6362143
1002397,-5.1391187
1002398,-4.301101
1002399,-6.305314
1002400,-0.57467765
1002401,-1.660531
1002402,-6.7025537
1002403,-7.775503
1002404,-2.492338
1002405,-4.653312
1002406,-2.2304475
1002407,-3.8086367
1002408,-5.7830806
1002409,-4.320828
1002410,-2.5927668
1002411,-1.9575596
1002412,-4.4218755
1002413,-6.8568196
1002414,-3.81548
1002415,-5.974622
1002416,-1.3267626
1002417,-1.9623247
1002418,-3.4482656
1002419,-4.5957546
1002420,-4.5429354
1002421,-4.013168
1002422,-4.450902
1002423,-5.9022336
1002424,-4.419883
1002425,-6.3794117
1002426,-5.579334
1002427,-7.4044647
1002428,-1.6190764
1002429,-7.7369833
1002430,-4.4680843
1002431,-6.265993
1002432,-3.9780383
1002433,-2.3001842
1002434,-9.304375
1002435,-7.3800097
1002436,-2.250935
1002437,-6.4024873
1002438,-1.4638574
1002439,-6.2061653
1002440,-5.2571797
1002441,-2.6834133
1002442,-2.3613563
1002443,-1.7227718
1002444,-7.3654623
1002445,-1.4286498
1002446,-3.9144979
1002447,-7.4906597
1002448,-6.1279798
1002449,-2.0643907
1002450,-3.877291
1002451,-6.5664916
1002452,-8.442308
1002453,-5.5044904
1002454,-4.918753
1002455,-5.8212194
1002456,-3.8266294
1002457,-1.4543246
1002458,-4.7578654
1002459,-3.8992639
1002460,-2.6572647
1002461,-5.1944947
1002462,-5.1237016
1002463,-4.2855954
1002464,-1.3398954
1002465,-4.860846
1002466,-2.0734618
1002467,-3.0754633
1002468,-2.0909889
1002469,-6.600597
1002470,-4.2263837
1002471,-5.9584303
1002472,-2.0491087
1002473,-3.419718
1002474,-3.8494859
1002475,-5.1337667
1002476,-0.68924665
1002477,-4.6397524
1002478,-1.0279548
1002479,-5.008236
1002480,-4.0200014
1002481,-1.7376741
1002482,-3.5042124
1002483,-3.7232907
1002484,-2.3666284
1002485,-2.6706312
1002486,-3.7983181
1002487,-0.9444077
1002488,-2.8383312
1002489,-5.6735673
1002490,-7.5970817
1002491,-6.20656
1002492,-3.8485372
1002493,-0.6860394
1002494,-3.2265368
1002495,-5.102631
1002496,-1.4723454
1002497,-4.7940187
1002498,-2.8733656
1002499,-7.4501605
1002500,-7.7005124
1002501,0.6349747
1002502,-5.9715524
1002503,-1.2898858
1002504,-3.3709986
1002505,-2.4877174
1002506,-5.6502986
1002507,-4.6868815
1002508,-4.571822
1002509,-0.49056467
1002510,-2.4442432
1002511,-6.470758
1002512,-1.2817286
1002513,-2.126317
1002514,-6.000316
1002515,-3.064328
1002516,-6.5916314
1002517,-0.5478145
1002518,-1.5594993
1002519,-3.5218997
1002520,-0.7383459
1002521,-4.720484
1002522,-3.0329227
1002523,-3.6566164
1002524,-4.7473736
1002525,-5.958942
1002526,-8.383095
1002527,-7.769244
1002528,-5.3967137
1002529,-1.6378925
1002530,-1.3472053
1002531,-2.4709592
1002532,-3.7247708
1002533,-6.0807233
1002534,-7.1894546
1002535,-5.830878
1002536,-2.4952316
1002537,-4.850043
1002538,-2.9749403
1002539,-3.7524014
1002540,-6.010439
1002541,-0.40995124
1002542,-7.40643
1002543,-6.4015465
1002544,-3.017713
1002545,-0.57430494
1002546,-6.926204
1002547,-4.0195394
1002548,-6.041782
1002549,-3.4928088
1002550,-4.6961207
1002551,-7.2042003
1002552,-3.2407537
1002553,-5.5680637
1002554,-2.5726027
1002555,-4.018476
1002556,-2.6466901
1002557,-3.517615
1002558,-4.426838
1002559,-6.4864635
1002560,-2.8249552
1002561,-4.532897
1002562,0.52385455
1002563,-1.4778746
1002564,-3.4851851
1002565,-4.767129
1002566,-1.3482342
1002567,-5.1599793
1002568,-6.579638
1002569,-7.2578707
1002570,-3.8252873
1002571,-1.2429713
1002572,-5.1472287
1002573,-5.2435684
1002574,-2.3065813
1002575,-5.689026
1002576,-3.1730592
1002577,-4.7892704
1002578,-5.732978
1002579,-0.25561035
1002580,-5.3413916
1002581,-5.1328006
1002582,-2.1372552
1002583,-7.6612043
1002584,-6.6043644
1002585,-2.8166556
1002586,-5.4188495
1002587,-4.7296457
1002588,-2.0403798
1002589,-5.6292944
1002590,-4.3510833
1002591,-5.635741
1002592,-6.5606747
1002593,-7.133794
1002594,-2.757068
1002595,-4.201117
1002596,-2.3956232
1002597,-6.9661374
1002598,-3.7050989
1002599,-5.128646
1002600,-5.0413747
1002601,-2.0374606
1002602,-7.325141
1002603,-6.1342916
1002604,-6.7093844
1002605,-2.95573
1002606,-6.5844884
1002607,-1.0584058
1002608,-2.5288298
1002609,-5.7002335
1002610,-4.316998
1002611,-3.617109
1002612,-6.4268317
1002613,-3.1893814
1002614,-3.6767023
1002615,-2.115114
1002616,-1.9870147
1002617,-6.6269794
1002618,-2.0730066
1002619,-2.857229
1002620,-3.4263244
1002621,-1.2801386
1002622,-4.7211843
1002623,-6.3678503
1002624,-3.7560906
1002625,-3.7603192
1002626,0.37130103
1002627,-6.3924513
1002628,-7.063986
1002629,-7.7649355
1002630,-4.092568
1002631,-3.1237667
1002632,-8.395028
1002633,-4.149956
1002634,-0.9295374
1002635,-0.8594659
1002636,-6.2149997
1002637,-3.889868
1002638,-0.6736914
1002639,-5.492468
1002640,-7.38515
1002641,-7.756599
1002642,-3.246331
1002643,-3.8944168
1002644,-3.5130773
1002645,-5.873907
1002646,-1.7110108
1002647,-0.61241674
1002648,-5.0224376
1002649,-1.6987244
1002650,-2.5834887
1002651,-2.4500864
1002652,-7.534103
1002653,-1.2558758
1002654,-2.3268032
1002655,-3.8378348
1002656,-7.044004
1002657,-7.829548
1002658,-6.728513
1002659,-4.383753
1002660,-3.7176082
1002661,-5.1956224
1002662,-5.716148
1002663,-3.9144316
1002664,-2.2251346
1002665,-7.7301984
1002666,-7.760083
1002667,-3.07239
1002668,-2.939445
1002669,-6.1955132
1002670,-1.5926197
1002671,-4.8951693
1002672,-1.6202672
1002673,-2.4991555
1002674,-4.4426384
1002675,-5.3279486
1002676,-0.055018436
1002677,-4.0450764
1002678,-7.97116
1002679,-3.19436
1002680,-4.329777
1002681,-3.3672004
1002682,-9.502113
1002683,-4.7543144
1002684,-5.598084
1002685,1.4882555
1002686,-6.3757167
1002687,-6.2536654
1002688,-0.27699926
1002689,-2.0119457
1002690,1.5980183
1002691,-6.2250195
1002692,-6.952512
1002693,-6.347747
1002694,-3.3500836
1002695,-4.306397
1002696,-1.7787101
1002697,-6.4940786
1002698,-6.5534267
1002699,-8.392809
1002700,-6.106671
1002701,-2.9957771
1002702,-4.1827273
1002703,0.9479869
1002704,-6.0170712
1002705,-5.613578
1002706,-4.1169686
1002707,-7.49625
1002708,-6.8682575
1002709,-1.0105026
1002710,-1.5707564
1002711,-7.425975
1002712,-6.565555
1002713,-2.3725257
1002714,-2.667538
1002715,1.8306619
1002716,-7.845087
1002717,0.51163864
1002718,-5.9431252
1002719,-5.4324083
1002720,-2.1439273
1002721,-7.822503
1002722,-3.0905726
1002723,-7.3838367
1002724,-3.4807627
1002725,-6.860581
1002726,-2.8800538
1002727,0.8453418
1002728,-0.24752551
1002729,-4.462962
1002730,-7.0778384
1002731,-5.1184683
1002732,-6.329052
1002733,-4.61013
1002734,-2.9680197
1002735,-5.314917
1002736,-1.6324064
1002737,-1.9011445
1002738,-1.6958438
1002739,-5.673238
1002740,-3.1842859
1002741,-5.3266435
1002742,-6.7482085
1002743,-4.0005774
1002744,-3.2600477
1002745,-1.3318764
1002746,-3.6090343
1002747,-1.2414833
1002748,-4.9033446
1002749,-2.0152752
1002750,-2.5779998
1002751,-1.1028535
1002752,-6.0654426
1002753,-7.9254966
1002754,-7.735435
1002755,-1.7714894
1002756,-4.6528606
1002757,-3.835857
1002758,-2.7724671
1002759,-6.413622
1002760,-2.943005
1002761,-6.119176
1002762,-3.6295254
1002763,-2.9991257
1002764,-6.245451
1002765,-4.312611
1002766,-3.0308833
1002767,-6.831669
1002768,-4.2687855
1002769,-1.1517627
1002770,-6.0415425
1002771,-0.52510667
1002772,-6.2838445
1002773,-3.4348211
1002774,-1.6435395
1002775,-3.797652
1002776,-1.2428654
1002777,-6.7959876
1002778,-1.7401439
1002779,-1.5855838
1002780,-5.140097
1002781,-4.094089
1002782,-6.126824
1002783,-7.404494
1002784,-4.9382915
1002785,-2.0133085
1002786,-7.7031107
1002787,-5.5550694
1002788,0.83295524
1002789,-3.4431849
1002790,-7.672943
1002791,-3.3739877
1002792,-5.966602
1002793,-4.7902193
1002794,-6.732176
1002795,-7.2321625
1002796,-4.6073155
1002797,-6.52425
1002798,-6.3994393
1002799,-7.269086
1002800,-0.5410311
1002801,-3.9577332
1002802,-6.0669613
1002803,-4.7688675
1002804,-4.499597
1002805,-3.9985723
1002806,-6.064948
1002807,-5.7037687
1002808,-7.656685
1002809,-1.0992907
1002810,-5.8629665
1002811,-3.8350914
1002812,-3.1965334
1002813,-3.5473735
1002814,-0.87739944
1002815,-1.6310594
1002816,-4.2292066
1002817,-7.1084824
1002818,-1.9482186
1002819,-0.9563993
1002820,-3.63665
1002821,-4.2983656
1002822,-4.6134615
1002823,-7.9777493
1002824,-2.99362
1002825,-0.110048614
1002826,-5.1311245
1002827,-4.399653
1002828,-1.0112761
1002829,-7.287269
1002830,-2.015119
1002831,-4.7781672
1002832,-6.340201
1002833,-3.7685854
1002834,-2.8206446
1002835,-3.5418131
1002836,-6.965704
1002837,-7.1932
1002838,-3.2249112
1002839,-4.713296
1002840,-4.533265
1002841,-5.175166
1002842,-3.6654718
1002843,-7.136872
1002844,-2.2366292
1002845,-5.3100715
1002846,-7.672385
1002847,-2.9198055
1002848,-7.241476
1002849,-6.99844
1002850,-6.1095357
1002851,-0.17684509
1002852,-5.5473895
1002853,-6.902832
1002854,-6.1466064
1002855,-3.4426854
1002856,-4.4744706
1002857,1.1918025
1002858,-6.278133
1002859,-4.2442665
1002860,-5.6366086
1002861,-7.1297483
1002862,-7.076331
1002863,-4.5992317
1002864,-8.083038
1002865,-6.417188
1002866,-3.8880115
1002867,-5.487434
1002868,-1.2580204
1002869,-8.880345
1002870,-7.767583
1002871,-6.0525413
1002872,-5.263574
1002873,-3.229878
1002874,-6.2189894
1002875,-5.1336994
1002876,-3.2955983
1002877,-1.281809
1002878,-1.6714325
1002879,-5.7031636
1002880,-7.611243
1002881,-3.4979498
1002882,-3.001089
1002883,-5.7274632
1002884,-7.8740497
1002885,-7.199259
1002886,-6.258801
1002887,-3.4992094
1002888,-3.7753408
1002889,-3.6504803
1002890,-5.2983065
1002891,-1.1753608
1002892,-4.6190515
1002893,-4.0035977
1002894,-5.8424644
1002895,-4.4695363
1002896,-6.140765
1002897,-2.779143
1002898,-3.279669
1002899,-1.4356985
1002900,-3.8514202
1002901,-4.0005774
1002902,-3.2280495
1002903,-4.128416
1002904,-4.6375837
1002905,-3.7075846
1002906,-8.514537
1002907,-5.1064234
1002908,-4.144556
1002909,-3.1738944
1002910,-3.7577274
1002911,-0.40521327
1002912,-4.867046
1002913,-4.6393046
1002914,-4.0570436
1002915,-4.4665294
1002916,-4.8618855
1002917,-4.158436
1002918,-7.8016205
1002919,-5.4381347
1002920,-1.7287928
1002921,-3.2459333
1002922,-6.9997253
1002923,-4.4821806
1002924,-7.889516
1002925,-2.7086143
1002926,-5.3658123
1002927,-3.2738233
1002928,-0.12949145
1002929,-1.4778746
1002930,-2.823348
1002931,-1.0204941
1002932,-7.1335745
1002933,-3.2832706
1002934,-1.3743706
1002935,-4.2640414
1002936,-8.295347
1002937,-6.7370753
1002938,-3.6310456
1002939,-4.2818346
1002940,-3.6123595
1002941,-3.8586857
1002942,-5.5088487
1002943,-4.4484525
1002944,-5.7498336
1002945,-6.3175364
1002946,-2.6176324
1002947,-4.4248276
1002948,-8.524016
1002949,-5.930169
1002950,-4.376375
1002951,-6.6090636
1002952,-4.151519
1002953,-7.9426413
1002954,-5.127627
1002955,-6.9375544
1002956,-0.539701
1002957,-2.856399
1002958,-4.412657
1002959,-1.7306051
1002960,-1.7288327
1002961,-0.9056708
1002962,-5.3953853
1002963,-1.9781413
1002964,-6.6126413
1002965,-6.8405857
1002966,-2.3409615
1002967,-1.973477
1002968,-2.0498123
1002969,-6.77602
1002970,-0.17089497
1002971,-5.6117654
1002972,-7.428193
1002973,-5.569217
1002974,-7.236403
1002975,-5.1932893
1002976,-1.0320357
1002977,-6.657738
1002978,-5.5151696
1002979,-4.5031257
1002980,-4.5606117
1002981,-1.0696645
1002982,-3.5916505
1002983,-6.664293
1002984,-4.7546573
1002985,-5.107327
1002986,-3.0533621
1002987,-6.1837835
1002988,-2.2403812
1002989,-0.7540371
1002990,-5.0892363
1002991,-6.443593
1002992,-7.166567
1002993,-8.287648
1002994,0.058845334
1002995,-2.3377655
1002996,-3.8251574
1002997,-5.487434
1002998,-2.2330253
1002999,-3.847543
1003000,-7.5762086
1003001,-5.8997164
1003002,-2.0871637
1003003,-4.650973
1003004,-3.219206
1003005,-4.015045
1003006,-6.9682827
1003007,-4.6948676
1003008,-1.8901166
1003009,-8.179747
1003010,-5.325139
1003011,-6.9043684
1003012,-3.109102
1003013,-5.8210006
1003014,-5.102281
1003015,-4.889379
1003016,-2.6277778
1003017,-6.250346
1003018,-2.9954088
1003019,-5.3107114
1003020,-1.6263885
1003021,-6.71631
1003022,-3.2600477
1003023,-0.9773592
1003024,-4.2890205
1003025,-7.1897545
1003026,-0.8369767
1003027,-5.452414
1003028,-6.8709946
1003029,-3.7641926
1003030,-7.422339
1003031,-5.248809
1003032,-0.65322614
1003033,-1.7281163
1003034,-1.2387524
1003035,-6.3185196
1003036,-2.43265
1003037,-7.0214305
1003038,-3.1249897
1003039,-1.4049668
1003040,-2.0484111
1003041,-3.040106
1003042,-7.2292233
1003043,-1.6533997
1003044,-7.3776364
1003045,-3.9917185
1003046,-7.4442153
1003047,-2.9086192
1003048,-7.7218013
1003049,-5.056563
1003050,-2.231921
1003051,-7.8922606
1003052,-5.88104
1003053,-1.377254
1003054,-4.0481544
1003055,-1.9665095
1003056,-0.8511372
1003057,-0.75325686
1003058,-3.369119
1003059,-4.954217
1003060,-7.3008666
1003061,-3.8549912
1003062,-5.056563
1003063,-4.9640274
1003064,-5.7190437
1003065,-3.2381494
1003066,-5.722
1003067,-1.6204554
1003068,-7.5440216
1003069,-5.95519
1003070,-4.61258
1003071,-6.0862823
1003072,-4.527281
1003073,-7.680795
1003074,-7.5069666
1003075,-0.76026785
1003076,-7.9835677
1003077,-5.5757375
1003078,-0.4083481
1003079,-5.736963
1003080,-3.2765443
1003081,-0.4728535
1003082,-2.322068
1003083,-6.179643
1003084,-6.2592955
1003085,-7.2946153
1003086,-5.838517
1003087,-2.9250631
1003088,-1.8550689
1003089,-4.696761
1003090,-1.119037
1003091,-1.5078868
1003092,1.0700597
1003093,-4.4703317
1003094,-4.870372
1003095,-6.504058
1003096,-3.233738
1003097,-1.7689824
1003098,-0.31457388
1003099,-2.4446936
1003100,-2.263334
1003101,-6.6127887
1003102,-6.8348413
1003103,-5.811176
1003104,-6.3991847
1003105,-1.5520625
1003106,-7.620236
1003107,-5.8136115
1003108,-4.973968
1003109,-6.629604
1003110,-6.621421
1003111,-6.3922105
1003112,-1.4812449
1003113,-0.035856817
1003114,-7.5043473
1003115,-4.7010255
1003116,-2.6508005
1003117,-6.411129
1003118,-4.4796495
1003119,-7.267952
1003120,-4.6101723
1003121,-6.2642193
1003122,-0.6895838
1003123,-2.871632
1003124,-8.63097
1003125,-3.81213
1003126,-3.8422942
1003127,-6.111551
1003128,-6.7194867
1003129,-2.642326
1003130,-4.26257
1003131,-3.8136466
1003132,-5.630677
1003133,-6.137789
1003134,-3.8863962
1003135,-0.59292835
1003136,-3.893903
1003137,-3.8341238
1003138,-0.27225408
1003139,-1.5173204
1003140,-3.434928
1003141,-3.7420573
1003142,-4.3209267
1003143,-3.549354
1003144,-0.68001366
1003145,-4.6659966
1003146,0.13237819
1003147,-7.9193296
1003148,-5.667017
1003149,-4.3655834
1003150,-2.8594077
1003151,-3.3505356
1003152,-3.886102
1003153,-5.78312
1003154,-7.128293
1003155,-4.483502
1003156,-7.0298457
1003157,-2.4823165
1003158,-7.680977
1003159,-3.7202008
1003160,-4.2247252
1003161,-2.622337
1003162,-2.832311
1003163,-3.3738291
1003164,-7.391885
1003165,-1.0035001
1003166,-2.8344753
1003167,-1.6193999
1003168,-7.8639097
1003169,-5.28826
1003170,-2.5734096
1003171,-7.79353
1003172,-3.4018817
1003173,-4.516765
1003174,-6.6375494
1003175,-3.5339632
1003176,-2.65376
1003177,-1.9604636
1003178,-3.6413338
1003179,-2.8423338
1003180,-6.8022323
1003181,-2.7988453
1003182,-5.9781103
1003183,-3.9112043
1003184,-2.2519467
1003185,-5.343916
1003186,-5.76904
1003187,-8.041882
1003188,-6.5518837
1003189,-8.283349
1003190,-8.537984
1003191,-0.40143883
1003192,-3.0299625
1003193,-7.386411
1003194,-0.8048746
1003195,-6.027385
1003196,-6.770646
1003197,-4.222558
1003198,-3.474973
1003199,-7.325381
1003200,-5.7879
1003201,-5.686243
1003202,-4.6291127
1003203,-6.1092997
1003204,-9.899415
1003205,-2.200434
1003206,-6.5813656
1003207,-6.624918
1003208,-4.32998
1003209,-0.8954845
1003210,-3.2587888
1003211,-1.9539086
1003212,-2.6632593
1003213,-0.1356251
1003214,-0.08220654
1003215,-3.9985723
1003216,-3.522379
1003217,-2.5166807
1003218,-1.7321045
1003219,-4.6722903
1003220,-2.8512564
1003221,-7.5756125
1003222,-2.2266338
1003223,-4.654682
1003224,-3.229719
1003225,-3.373212
1003226,-2.385212
1003227,-6.053416
1003228,-4.068936
1003229,-4.3873444
1003230,-6.1530375
1003231,-1.0854897
1003232,-2.8245053
1003233,-3.8474238
1003234,-1.9264508
1003235,-4.46784
1003236,-5.2613745
1003237,-7.098694
1003238,-4.534971
1003239,-4.9516206
1003240,-8.231027
1003241,-4.452238
1003242,-4.158404
1003243,-3.1252055
1003244,0.62170017
1003245,-1.5254707
1003246,-1.6191144
1003247,-5.109521
1003248,-1.1931406
1003249,-6.210073
1003250,-1.6100929
1003251,-4.641637
1003252,-0.38859493
1003253,-4.515254
1003254,-7.1975994
1003255,-4.658068
1003256,-6.3960986
1003257,-1.9598637
1003258,-4.7482677
1003259,-3.7721083
1003260,-3.2106748
1003261,-2.9929175
1003262,-0.2052327
1003263,-7.711681
1003264,-5.038101
1003265,-4.2180037
1003266,-4.4477296
1003267,-0.2466929
1003268,-5.541103
1003269,-5.253777
1003270,-3.1470094
1003271,-2.3943799
1003272,-1.8578058
1003273,-3.9525423
1003274,-9.105655
1003275,-6.5603666
1003276,-3.4518807
1003277,-3.517602
1003278,-2.5129936
1003279,-7.9873977
1003280,-3.7404656
1003281,-4.788523
1003282,-3.6105123
1003283,-4.6780605
1003284,-3.1170175
1003285,-3.5212524
1003286,-1.3420221
1003287,-5.9007635
1003288,-6.3905277
1003289,-3.762591
1003290,-1.9134833
1003291,-4.676859
1003292,-4.589743
1003293,-4.9701414
1003294,-5.4741826
1003295,-1.135574
1003296,-6.6338525
1003297,-2.4334123
1003298,-5.4100924
1003299,-3.851413
1003300,-1.6111085
1003301,-1.6545125
1003302,-0.93310046
1003303,-4.8973722
1003304,0.9084849
1003305,-6.377628
1003306,-4.546975
1003307,-6.4709244
1003308,-5.4641433
1003309,-2.8696253
1003310,-2.5010433
1003311,-2.278157
1003312,-2.5054247
1003313,-3.7404656
1003314,-5.689905
1003315,-3.3304758
1003316,-5.442345
1003317,-1.0736043
1003318,-1.2783132
1003319,-2.0447369
1003320,-7.6491804
1003321,-4.459335
1003322,-7.3056254
1003323,-5.139239
1003324,-2.4500864
1003325,-4.023699
1003326,-1.4819926
1003327,-3.1216383
1003328,-7.590377
1003329,-0.75325686
1003330,-4.2903113
1003331,-6.9589763
1003332,-1.087797
1003333,-2.0706754
1003334,-6.020954
1003335,-6.058205
1003336,-5.411044
1003337,-5.4091907
1003338,-4.731438
1003339,-7.484686
1003340,-3.9326384
1003341,-2.8971226
1003342,-7.373028
1003343,-3.5819094
1003344,-7.169282
1003345,-2.3334048
1003346,-2.1624188
1003347,-3.7737648
1003348,-2.5062277
1003349,-0.8219376
1003350,-4.55604
1003351,-5.3478937
1003352,-2.42503
1003353,-2.354524
1003354,-2.4781687
1003355,-1.09328
1003356,-5.913105
1003357,-1.4919311
1003358,-5.9945865
1003359,-3.3377602
1003360,0.7043552
1003361,-2.6002944
1003362,-2.6470513
1003363,-3.558508
1003364,-5.666827
1003365,-1.7888026
1003366,-2.2654784
1003367,-7.5985374
1003368,-3.2298024
1003369,-5.582441
1003370,-2.1053376
1003371,-5.0842505
1003372,-1.3210529
1003373,-3.9612005
1003374,-4.2316203
1003375,-3.278029
1003376,-4.1919885
1003377,-6.4225574
1003378,-2.443972
1003379,-3.385607
1003380,-4.774917
1003381,-7.184617
1003382,-8.692068
1003383,-2.6874905
1003384,-5.646685
1003385,-8.985002
1003386,-1.0505124
1003387,-4.9316688
1003388,-5.511773
1003389,-4.154918
1003390,-6.1788135
1003391,-4.217582
1003392,-3.416891
1003393,0.058845334
1003394,-3.623976
1003395,-2.8706417
1003396,-3.257579
1003397,-2.6368165
1003398,-3.458817
1003399,-2.3308558
1003400,-7.7680526
1003401,-3.027732
1003402,-7.52047
1003403,-6.007877
1003404,-3.3963113
1003405,-4.794332
1003406,-6.4350553
1003407,-1.0802598
1003408,-1.3686776
1003409,-4.8347516
1003410,-2.9487224
1003411,-5.7131557
1003412,-4.013467
1003413,-5.115409
1003414,-6.6439333
1003415,-1.782687
1003416,-3.7436733
1003417,-2.1847708
1003418,-3.4248512
1003419,-4.217568
1003420,-7.1371336
1003421,-4.865999
1003422,-1.0824347
1003423,-3.8949642
1003424,-2.2127225
1003425,-3.677268
1003426,-4.0988655
1003427,-6.022303
1003428,-6.791523
1003429,-2.5832653
1003430,-9.2142935
1003431,-8.579923
1003432,-3.501062
1003433,-4.1491246
1003434,-7.295888
1003435,-4.4652514
1003436,-8.292066
1003437,-2.8217707
1003438,-6.349589
1003439,-2.7781708
1003440,-4.2724047
1003441,-2.6543045
1003442,-2.5146828
1003443,-7.142445
1003444,-3.7087338
1003445,-0.65430576
1003446,-6.8268685
1003447,-1.1371981
1003448,-7.297015
1003449,-4.7273145
1003450,-3.0217986
1003451,-5.9414005
1003452,-3.5292714
1003453,-4.056557
1003454,-5.815055
1003455,-6.035717
1003456,-2.6355498
1003457,-3.5039167
1003458,-5.553259
1003459,-6.5916314
1003460,-4.4385977
1003461,-3.2430632
1003462,-7.1169095
1003463,-6.634473
1003464,-6.599234
1003465,-6.715413
1003466,-7.174661
1003467,-0.9424371
1003468,-6.538786
1003469,-3.8561656
1003470,-5.1169086
1003471,-4.1690826
1003472,-7.2822013
1003473,-6.0517817
1003474,-5.2328663
1003475,-2.8891873
1003476,-1.0681297
1003477,-6.910098
1003478,-5.4123163
1003479,-9.043726
1003480,-2.1383138
1003481,-4.0789943
1003482,-1.7032638
1003483,-4.038495
1003484,-3.1290684
1003485,-2.0288086
1003486,-4.312227
1003487,-4.264812
1003488,-0.36371025
1003489,-5.987683
1003490,-6.802817
1003491,-5.7204404
1003492,-4.084408
1003493,-2.6373622
1003494,-6.9388366
1003495,-3.4951274
1003496,-5.1624722
1003497,-1.4896535
1003498,-6.5434775
1003499,-1.3467635
1003500,-7.611659
1003501,-3.9919174
1003502,-0.39697668
1003503,-3.479399
1003504,-6.745223
1003505,-4.892341
1003506,-7.2023263
1003507,-5.873923
1003508,-6.1931715
1003509,-5.970022
1003510,-2.6364033
1003511,-4.0210576
1003512,-1.367073
1003513,-6.7919426
1003514,-4.3215528
1003515,-6.6770306
1003516,-1.8009025
1003517,-4.4352765
1003518,-3.4966533
1003519,-3.6402786
1003520,-4.9264235
1003521,-6.9973044
1003522,-4.423099
1003523,-4.4333014
1003524,-0.69247174
1003525,-4.9780393
1003526,-6.0892
1003527,-5.6894054
1003528,-2.6052923
1003529,-3.0997736
1003530,-3.6830654
1003531,-4.360516
1003532,-1.1304274
1003533,-6.277816
1003534,-1.1523074
1003535,-4.984646
1003536,-6.006031
1003537,-3.8949642
1003538,-0.55027103
1003539,-3.1353476
1003540,-0.7402072
1003541,-4.935909
1003542,-3.4904864
1003543,-5.984421
1003544,-6.972384
1003545,-4.8511667
1003546,-3.823137
1003547,-6.409685
1003548,-3.659851
1003549,-3.5975702
1003550,-2.6356506
1003551,-1.1367677
1003552,-3.590503
1003553,-4.496055
1003554,-3.708513
1003555,-2.8508763
1003556,-2.1128092
1003557,0.69293505
1003558,-0.8080087
1003559,-1.809554
1003560,-0.24176447
1003561,0.05161106
1003562,-5.5754905
1003563,-0.90471584
1003564,-7.290041
1003565,-1.465186
1003566,-7.2513714
1003567,0.14672601
1003568,-5.314083
1003569,0.118945986
1003570,-1.8044529
1003571,-3.2496922
1003572,-0.92530787
1003573,-4.670778
1003574,-5.276525
1003575,-4.2091036
1003576,-5.6692114
1003577,-2.5030916
1003578,-6.2010145
1003579,-3.7587569
1003580,-2.133735
1003581,-4.373135
1003582,-4.8629007
1003583,-3.0061738
1003584,-0.7366451
1003585,-3.8727374
1003586,-3.4528053
1003587,-4.6686935
1003588,-7.274323
1003589,-1.9829862
1003590,-3.211043
1003591,-4.462993
1003592,-7.737169
1003593,-1.6856998
1003594,-4.614891
1003595,-2.0546086
1003596,-6.6427913
1003597,-4.1276693
1003598,-4.8638244
1003599,-4.1739807
1003600,-7.2064524
1003601,-7.083469
1003602,-0.109903365
1003603,-6.4684057
1003604,-1.7565247
1003605,-3.150775
1003606,-3.1592689
1003607,-1.4611567
1003608,-4.871404
1003609,-7.2786875
1003610,-2.799734
1003611,-8.176193
1003612,-5.154898
1003613,-1.251475
1003614,-6.689618
1003615,-5.1684117
1003616,-4.9157963
1003617,-1.6405417
1003618,-8.20264
1003619,-6.142908
1003620,-1.0522194
1003621,-2.9635508
1003622,-6.724401
1003623,-7.4370623
1003624,-2.6530697
1003625,-6.6867375
1003626,-7.372824
1003627,-3.6225784
1003628,-4.5217624
1003629,-1.7569607
1003630,-4.9416647
1003631,-4.377504
1003632,-7.1366577
1003633,-5.465565
1003634,-0.1323932
1003635,-1.9408958
1003636,-2.3959744
1003637,-3.1325474
1003638,-4.7169533
1003639,-4.5544786
1003640,-0.9781388
1003641,-0.45831972
1003642,-3.4986045
1003643,-3.8230996
1003644,-6.4003
1003645,-5.9179463
1003646,-2.93341
1003647,-6.952221
1003648,-4.643887
1003649,-2.765945
1003650,-3.130166
1003651,-2.7644055
1003652,-2.9263532
1003653,-5.5441313
1003654,-8.19009
1003655,-4.9510283
1003656,-7.0893707
1003657,-6.645213
1003658,-4.58505
1003659,-1.8642708
1003660,-2.895266
1003661,-3.8839936
1003662,-6.932808
1003663,-2.4009128
1003664,-2.2594705
1003665,-6.90654
1003666,-0.37220207
1003667,-2.0724247
1003668,-7.2641306
1003669,-5.9066477
1003670,-1.628654
1003671,-5.298311
1003672,-0.77274185
1003673,-1.5852041
1003674,-1.2875689
1003675,-4.1446896
1003676,-6.799581
1003677,-1.3514521
1003678,-6.605595
1003679,-2.9433095
1003680,-2.143844
1003681,-2.1594474
1003682,-4.3309813
1003683,-5.934963
1003684,-6.179565
1003685,-3.58839
1003686,-6.9453835
1003687,-2.3437593
1003688,-6.185954
1003689,-4.6397524
1003690,-5.8499236
1003691,-2.0511758
1003692,-5.5568495
1003693,-2.5472224
1003694,-3.0879998
1003695,-7.9161677
1003696,-4.0907307
1003697,-3.5511005
1003698,-6.747969
1003699,-2.60468
1003700,-1.552741
1003701,-2.2283392
1003702,-4.529952
1003703,-5.6449823
1003704,-4.5060015
1003705,-5.8185186
1003706,-2.9163733
1003707,-5.1157827
1003708,-7.0420084
1003709,-4.0652742
1003710,-5.183428
1003711,-6.3181157
1003712,-1.4272432
1003713,-4.7154865
1003714,-1.4957718
1003715,-5.7825427
1003716,-7.583297
1003717,-6.5074
1003718,-6.245735
1003719,-4.5483017
1003720,-5.256798
1003721,-3.0161688
1003722,-4.605831
1003723,-1.5310466
1003724,-1.9976474
1003725,-7.5999603
1003726,-3.6336634
1003727,-6.0595818
1003728,-6.3254414
1003729,-1.5275959
1003730,-4.1569233
1003731,-3.6191475
1003732,-2.1492412
1003733,-1.1147603
1003734,-1.9098947
1003735,-2.8424106
1003736,-7.796486
1003737,-4.60293
1003738,-2.5617528
1003739,-7.775273
1003740,-4.2624154
1003741,-2.017424
1003742,-1.8784018
1003743,-7.2675395
1003744,-5.3911967
1003745,-2.8431447
1003746,-6.59687
1003747,-5.448797
1003748,-4.4590244
1003749,-2.1411107
1003750,-0.5072441
1003751,-6.2803736
1003752,-6.2305574
1003753,-2.9158566
1003754,-3.6295695
1003755,-3.5006797
1003756,-3.7702122
1003757,-5.7375507
1003758,-9.282995
1003759,-3.209572
1003760,-0.297105
1003761,-3.3637893
1003762,-6.4094443
1003763,-3.7129147
1003764,-2.2933848
1003765,-5.839301
1003766,-3.1905425
1003767,-3.517073
1003768,-2.1435645
1003769,-3.039584
1003770,-3.609412
1003771,-3.5017312
1003772,-3.5250328
1003773,-6.163556
1003774,-5.187597
1003775,-1.2980472
1003776,0.025469208
1003777,-1.7260212
1003778,-7.301254
1003779,-4.1351643
1003780,-1.0664486
1003781,-1.4942808
1003782,-3.349272
1003783,-0.9163276
1003784,-4.0722375
1003785,-4.6844788
1003786,-4.431715
1003787,-2.2082744
1003788,-6.2610693
1003789,-1.9465978
1003790,-0.9984415
1003791,-3.4736474
1003792,-7.5932164
1003793,-6.8547697
1003794,-0.8068827
1003795,-6.6572695
1003796,-6.756782
1003797,-5.605705
1003798,0.6818627
1003799,-2.3131084
1003800,-3.5708761
1003801,-3.3680916
1003802,-5.4762034
1003803,-2.5265453
1003804,-8.434117
1003805,-7.7098036
1003806,-5.0023165
1003807,-2.137864
1003808,-2.5976057
1003809,-5.557127
1003810,-2.3871782
1003811,-1.944649
1003812,-6.041438
1003813,-7.3026414
1003814,-6.975728
1003815,-3.0317943
1003816,-1.8770819
1003817,-3.3729012
1003818,-5.566622
1003819,-3.8962176
1003820,-3.8792377
1003821,-6.7371993
1003822,-3.017424
1003823,-8.242979
1003824,-4.0724626
1003825,-6.0396905
1003826,-4.5929704
1003827,-2.985002
1003828,-5.2009053
1003829,-3.7872148
1003830,-4.5353365
1003831,-6.8909907
1003832,-2.5154555
1003833,-4.2546973
1003834,-1.9546719
1003835,-2.146539
1003836,-7.247229
1003837,-4.596705
1003838,0.05905074
1003839,-3.8643086
1003840,-7.156219
1003841,-2.65832
1003842,-3.593749
1003843,-7.5369
1003844,-3.282638
1003845,-2.8271115
1003846,-6.9906154
1003847,-2.7167857
1003848,-4.3760967
1003849,-4.943894
1003850,-6.4683447
1003851,-0.8974398
1003852,-1.7211986
1003853,-4.54474
1003854,-2.9913862
1003855,-6.374467
1003856,-7.1724253
1003857,-4.7938485
1003858,-5.047625
1003859,-5.646847
1003860,-7.7955256
1003861,-2.6393988
1003862,-1.3688214
1003863,-7.4113665
1003864,-1.0282768
1003865,-1.0105026
1003866,-1.489608
1003867,-3.070384
1003868,-3.030613
1003869,-7.331424
1003870,-3.666573
1003871,-8.481468
1003872,-6.3802805
1003873,0.06291728
1003874,-4.687181
1003875,-1.1285106
1003876,-1.9016378
1003877,-2.8261733
1003878,-1.8028429
1003879,-5.4591427
1003880,-5.6747723
1003881,-6.410752
1003882,-5.5002728
1003883,-2.621238
1003884,-8.250034
1003885,-4.548327
1003886,-0.7367822
1003887,-7.159946
1003888,-2.285152
1003889,-1.5585577
1003890,-6.561568
1003891,-3.4888232
1003892,-4.992297
1003893,-5.288452
1003894,-2.6312034
1003895,-7.103158
1003896,-6.1621747
1003897,-6.2407994
1003898,-2.9738305
1003899,-1.1003975
1003900,-0.31702602
1003901,1.114683
1003902,-4.614096
1003903,-5.8021927
1003904,-7.626821
1003905,-6.2606997
1003906,-5.4106164
1003907,-7.2191973
1003908,-2.9669185
1003909,-3.7462795
1003910,-2.7969646
1003911,-5.056586
1003912,-6.9836054
1003913,0.3501819
1003914,-2.9891944
1003915,-4.0787697
1003916,-1.3325397
1003917,-6.156783
1003918,-5.5173593
1003919,-6.262285
1003920,-1.3133786
1003921,-6.2732887
1003922,-0.33003268
1003923,-7.099695
1003924,-7.832251
1003925,-7.3013678
1003926,-3.252934
1003927,1.3095373
1003928,-2.0302982
1003929,-8.27323
1003930,-4.5356164
1003931,-2.2283392
1003932,-3.80765
1003933,-3.6262255
1003934,-6.7391963
1003935,-6.592549
1003936,-3.0219615
1003937,-1.7584497
1003938,-2.6641994
1003939,-5.7026496
1003940,1.7867044
1003941,-0.27727112
1003942,-2.9461803
1003943,-6.0142803
1003944,-6.6070924
1003945,-5.451205
1003946,-4.1727915
1003947,-8.636267
1003948,-3.9841235
1003949,-5.728733
1003950,0.077289075
1003951,-1.8958082
1003952,-3.359484
1003953,-4.0160637
1003954,-2.6308935
1003955,-6.9872727
1003956,-6.8533764
1003957,-7.158551
1003958,-3.3052475
1003959,-2.6005247
1003960,-1.9134235
1003961,-0.41583502
1003962,-7.8760695
1003963,-5.349234
1003964,-7.2588406
1003965,-1.8386617
1003966,-5.897469
1003967,-6.8633027
1003968,-4.8920865
1003969,-4.2390013
1003970,-7.3250914
1003971,2.9433196
1003972,-7.1570697
1003973,-7.4835668
1003974,-5.801777
1003975,-4.4255147
1003976,-2.6263983
1003977,-1.356432
1003978,-5.727439
1003979,-7.2505956
1003980,-3.2059503
1003981,-3.6213663
1003982,-4.534443
1003983,-1.9398047
1003984,-2.448484
1003985,-2.2356296
1003986,-1.2662055
1003987,-4.543994
1003988,-7.756299
1003989,-6.4830256
1003990,-3.0551417
1003991,-1.1339607
1003992,-1.463336
1003993,-7.606952
1003994,-1.4902146
1003995,-3.543217
1003996,-5.443713
1003997,-2.9749403
1003998,-2.1893706
1003999,-6.7910447
1004000,-3.501168
1004001,-6.4765797
1004002,-8.394411
1004003,-5.7349477
1004004,-6.11926
1004005,-1.5748477
1004006,-3.4841619
1004007,-6.835804
1004008,-7.585468
1004009,-3.670149
1004010,-0.3773897
1004011,-1.3041111
1004012,-6.890095
1004013,-7.774264
1004014,-4.818894
1004015,-3.7388642
1004016,0.75226545
1004017,-6.7675776
1004018,-4.6364155
1004019,-4.4013133
1004020,-6.9286733
1004021,-3.9869578
1004022,-6.2900667
1004023,-4.6418853
1004024,-1.9053562
1004025,-5.915978
1004026,-6.749047
1004027,-7.868712
1004028,-2.7209635
1004029,-7.8051243
1004030,-0.8576185
1004031,-7.4794183
1004032,-6.9755573
1004033,-2.0934982
1004034,-4.978621
1004035,-8.8112
1004036,-2.7865484
1004037,-4.5898323
1004038,-0.9613112
1004039,-1.9020879
1004040,-7.6613626
1004041,-1.5535738
1004042,-2.5744658
1004043,-1.6670431
1004044,-2.3214283
1004045,-6.579383
1004046,-2.6039002
1004047,-7.9161754
1004048,-2.939286
1004049,-6.8010163
1004050,-5.3916764
1004051,-6.7123604
1004052,-4.1143255
1004053,-7.37819
1004054,-7.2949924
1004055,-3.7245772
1004056,-8.099434
1004057,-5.040373
1004058,-1.5204498
1004059,-2.654347
1004060,-6.2602935
1004061,-4.698583
1004062,-3.7205336
1004063,-2.740121
1004064,-1.4965006
1004065,0.3532046
1004066,-1.1282728
1004067,-8.213398
1004068,-1.6791005
1004069,-2.800227
1004070,-6.5714145
1004071,-2.9538794
1004072,-3.185595
1004073,-4.3996625
1004074,-4.116719
1004075,-2.0031638
1004076,-4.3784304
1004077,-4.760076
1004078,-3.584101
1004079,-0.13571341
1004080,-2.9585798
1004081,-2.3450234
1004082,-7.2143664
1004083,-7.0772195
1004084,-5.0553164
1004085,-3.4016342
1004086,-3.290813
1004087,-2.8256724
1004088,1.4175845
1004089,-0.10358179
1004090,-5.3164253
1004091,-2.3912823
1004092,-5.8547587
1004093,-4.960515
1004094,-4.335633
1004095,-7.1978035
1004096,-6.513307
1004097,-2.9159148
1004098,-5.314332
1004099,-6.212725
1004100,-2.0236022
1004101,-2.2893643
1004102,-5.5013824
1004103,-4.461671
1004104,-4.7670093
1004105,-4.318361
1004106,-3.554005
1004107,-7.326858
1004108,-7.237002
1004109,-3.1084802
1004110,-6.934226
1004111,-4.5403223
1004112,-5.0807076
1004113,-3.6105022
1004114,-8.89775
1004115,-7.544873
1004116,-4.1344166
1004117,-5.5393662
1004118,-8.471562
1004119,-5.9235773
1004120,-6.635119
1004121,1.0681068
1004122,-3.8815181
1004123,-2.2789848
1004124,-2.553447
1004125,-5.154898
1004126,-2.6382978
1004127,-1.2699745
1004128,-6.398623
1004129,-1.9052209
1004130,-6.5566645
1004131,-4.9962034
1004132,-4.8194513
1004133,-2.633023
1004134,-3.8592813
1004135,-4.6295223
1004136,-7.892887
1004137,-4.580936
1004138,-1.2118359
1004139,-6.1198044
1004140,-3.7017896
1004141,-0.9259855
1004142,-1.713542
1004143,-4.0502744
1004144,-6.3011837
1004145,-1.1820872
1004146,-6.065465
1004147,-3.2557445
1004148,-3.2150867
1004149,-1.0958384
1004150,-4.2011104
1004151,-6.922535
1004152,-3.89982
1004153,-3.1874146
1004154,-1.9667368
1004155,-4.0876513
1004156,-1.1377987
1004157,-3.0437891
1004158,-6.3159885
1004159,-0.5683667
1004160,-5.3989897
1004161,-5.451718
1004162,-8.294556
1004163,-6.2176995
1004164,-1.1948477
1004165,-5.014614
1004166,-1.7983328
1004167,-2.1443605
1004168,-5.809128
1004169,-1.883689
1004170,0.31505552
1004171,-6.889002
1004172,-2.7349977
1004173,-5.0293474
1004174,-3.349727
1004175,-3.234445
1004176,-1.8840988
1004177,-2.139431
1004178,-3.1913495
1004179,-5.090516
1004180,-5.566809
1004181,-5.0958004
1004182,-6.513775
1004183,-5.0550203
1004184,-3.4418025
1004185,-5.3664293
1004186,-2.6355004
1004187,-3.7481124
1004188,-2.5897856
1004189,-3.482206
1004190,-4.225712
1004191,-3.4866307
1004192,-3.8380246
1004193,-5.815438
1004194,-1.7701712
1004195,-0.18725358
1004196,-3.4501796
1004197,-0.610902
1004198,-4.110191
1004199,-3.5012927
1004200,-7.2130733
1004201,-3.6355171
1004202,-2.0552924
1004203,-6.8122287
1004204,-3.0488546
1004205,-7.0011764
1004206,-3.7832136
1004207,-6.5821657
1004208,-1.1141516
1004209,-2.7808568
1004210,-2.5389147
1004211,-6.761971
1004212,-6.7649794
1004213,-4.2541537
1004214,-4.259216
1004215,-2.2124975
1004216,-8.217807
1004217,-8.542405
1004218,-6.7221823
1004219,-2.9049404
1004220,-4.8953156
1004221,-2.34712
1004222,-5.6581903
1004223,-4.421758
1004224,-3.2150867
1004225,-3.3034654
1004226,-4.708818
1004227,-7.280421
1004228,-7.0407777
1004229,-5.491608
1004230,-2.994671
1004231,-6.6451283
1004232,-1.3701392
1004233,-7.3169904
1004234,-5.9080443
1004235,-5.5093117
1004236,-7.4867325
1004237,-5.3701606
1004238,-2.1721437
1004239,-1.8377007
1004240,-8.415591
1004241,-3.199803
1004242,-3.0126479
1004243,-0.82491636
1004244,-6.657402
1004245,-3.0938761
1004246,-3.7892818
1004247,-2.8993626
1004248,-3.2471182
1004249,-4.490471
1004250,-7.9172406
1004251,-3.7401881
1004252,-8.762644
1004253,-6.2777233
1004254,-6.969207
1004255,-6.8685923
1004256,-6.113345
1004257,-3.2441685
1004258,-5.8108487
1004259,-6.195715
1004260,-2.714432
1004261,-3.9251013
1004262,-3.2071438
1004263,-8.147173
1004264,-4.9424863
1004265,-7.1317334
1004266,-2.755372
1004267,-7.0409164
1004268,-1.1860597
1004269,-4.5386863
1004270,-2.1096709
1004271,-6.5381265
1004272,-3.7249413
1004273,-3.65324
1004274,-5.727211
1004275,-2.2125087
1004276,-5.0685463
1004277,-3.3128796
1004278,-3.6438596
1004279,-2.7616026
1004280,-5.6727347
1004281,-0.40547916
1004282,-0.87508494
1004283,-0.29706824
1004284,-2.8160193
1004285,-2.8087077
1004286,-1.1896069
1004287,-4.212285
1004288,-4.8915243
1004289,-4.5218043
1004290,-2.6985087
1004291,-4.901885
1004292,-7.367731
1004293,-1.8240873
1004294,-3.0307388
1004295,-7.2344136
1004296,-2.714432
1004297,-2.788516
1004298,-4.1619115
1004299,-4.131206
1004300,-6.061856
1004301,-3.55076
1004302,-4.3791704
1004303,-3.5361576
1004304,-6.612054
1004305,-1.2668055
1004306,-6.231026
1004307,-3.7708783
1004308,-4.955622
1004309,-6.6555243
1004310,-1.0815291
1004311,-6.5564947
1004312,-3.6909518
1004313,-3.8261895
1004314,-5.363048
1004315,-4.2660847
1004316,-5.590925
1004317,-7.043477
1004318,-3.4272583
1004319,-3.8826308
1004320,-3.298127
1004321,-0.7627655
1004322,-5.8158813
1004323,-2.0370846
1004324,-1.3785092
1004325,-6.0591516
1004326,-3.000909
1004327,-6.835529
1004328,-4.026059
1004329,-4.8116946
1004330,-7.4223027
1004331,-4.1389003
1004332,-3.3530314
1004333,-0.4115348
1004334,-5.9474063
1004335,-2.6612175
1004336,-8.162466
1004337,-4.4701815
1004338,-3.9418797
1004339,-2.567224
1004340,-6.4020987
1004341,-2.6194172
1004342,-8.011299
1004343,-3.0465622
1004344,-4.242105
1004345,-3.516162
1004346,-6.606423
1004347,-7.2665586
1004348,-8.759952
1004349,-7.8933835
1004350,-3.161949
1004351,-4.1161866
1004352,-5.299466
1004353,-6.6280627
1004354,-6.1326604
1004355,-4.1066346
1004356,-2.357702
1004357,-4.1298857
1004358,-5.3227153
1004359,-2.7284503
1004360,-5.1824737
1004361,-4.088853
1004362,-3.4051278
1004363,-5.019599
1004364,-1.1794758
1004365,-5.9908876
1004366,-0.75250506
1004367,-4.2690153
1004368,-7.800391
1004369,-8.506418
1004370,-2.3444266
1004371,-4.131255
1004372,-3.6500726
1004373,-5.4810333
1004374,-8.025534
1004375,-2.3144681
1004376,-4.224161
1004377,-6.5098143
1004378,-2.9385526
1004379,-3.0309901
1004380,-0.78571206
1004381,-0.8965762
1004382,-3.746764
1004383,-0.016128791
1004384,-3.490644
1004385,-5.285455
1004386,-2.3271828
1004387,-3.694496
1004388,-4.7531
1004389,-8.6340685
1004390,-3.3906894
1004391,-5.975328
1004392,-5.914683
1004393,-7.188625
1004394,-4.0932403
1004395,-2.5244453
1004396,-4.6210065
1004397,-4.794175
1004398,-4.9032865
1004399,-7.2274976
1004400,-6.135792
1004401,-4.545535
1004402,-3.4099221
1004403,0.77386814
1004404,-5.512579
1004405,-4.9961653
1004406,-7.455708
1004407,-2.5316916
1004408,-6.8787723
1004409,-0.3950219
1004410,-3.6101274
1004411,-4.654746
1004412,-7.020842
1004413,-1.4278107
1004414,-5.817478
1004415,-4.007559
1004416,-4.3118577
1004417,-0.1958913
1004418,-2.4100275
1004419,-5.1741138
1004420,-2.4707656
1004421,-2.3747938
1004422,-0.2108422
1004423,-6.7302227
1004424,-3.8352416
1004425,-1.0074823
1004426,-2.8186347
1004427,-2.6959605
1004428,-2.0398605
1004429,-3.8862941
1004430,-8.419262
1004431,-3.1678362
1004432,-4.688005
1004433,-3.3035207
1004434,-4.6428046
1004435,-7.821149
1004436,0.29690674
1004437,-2.673425
1004438,-5.9769626
1004439,-2.8943644
1004440,-3.4644015
1004441,-1.9763896
1004442,-3.091043
1004443,-7.1390276
1004444,0.10645342
1004445,-6.1465364
1004446,-3.2240016
1004447,-2.814866
1004448,-3.7355783
1004449,-1.2273083
1004450,-0.22769687
1004451,-3.1466448
1004452,-5.636989
1004453,-6.581971
1004454,-2.045701
1004455,-1.6700312
1004456,-7.2842875
1004457,-7.858936
1004458,-6.536027
1004459,-6.7708054
1004460,-5.728841
1004461,-4.347999
1004462,-6.463404
1004463,-3.8684368
1004464,-2.483406
1004465,-8.505726
1004466,-3.196156
1004467,-3.2394438
1004468,-6.3495436
1004469,-4.6713805
1004470,-1.3872713
1004471,-6.3644876
1004472,-0.92820644
1004473,-4.1773486
1004474,-4.4791355
1004475,-5.0394125
1004476,-0.29440355
1004477,-6.0808864
1004478,-5.7791595
1004479,-1.4029064
1004480,-3.1924334
1004481,-2.4259627
1004482,-3.8105495
1004483,-7.331424
1004484,-3.2120512
1004485,-2.0095305
1004486,-1.2458973
1004487,-4.4025483
1004488,-4.806294
1004489,-4.077789
1004490,-3.228294
